ubigeo,departamento,provincia,distrito,latitud,longitud,altitud_msnm
010101,AMAZONAS,CHACHAPOYAS,CHACHAPOYAS,-6.229444,-77.872778,2338
010102,AMAZONAS,CHACHAPOYAS,ASUNCION,-6.032500,-77.710833,2823
010103,AMAZONAS,CHACHAPOYAS,BALSAS,-6.835833,-78.019722,859
010104,AMAZONAS,CHACHAPOYAS,CHETO,-6.255556,-77.700833,2143
010105,AMAZONAS,CHACHAPOYAS,CHILIQUIN,-6.078333,-77.737500,2677
010106,AMAZONAS,CHACHAPOYAS,CHUQUIBAMBA,-6.935000,-77.854167,2803
010107,AMAZONAS,CHACHAPOYAS,GRANADA,-6.106389,-77.628611,3041
010108,AMAZONAS,CHACHAPOYAS,HUANCAS,-6.173611,-77.864444,2591
010109,AMAZONAS,CHACHAPOYAS,LA JALCA,-6.484722,-77.815000,2869
010110,AMAZONAS,CHACHAPOYAS,LEIMEBAMBA,-6.707500,-77.803889,2226
010111,AMAZONAS,CHACHAPOYAS,LEVANTO,-6.307778,-77.899167,2681
010112,AMAZONAS,CHACHAPOYAS,MAGDALENA,-6.373056,-77.901667,1892
010113,AMAZONAS,CHACHAPOYAS,MARISCAL CASTILLA,-6.594444,-77.808611,2210
010114,AMAZONAS,CHACHAPOYAS,MOLINOPAMPA,-6.209167,-77.669167,2405
010115,AMAZONAS,CHACHAPOYAS,MONTEVIDEO,-6.618056,-77.802222,2421
010116,AMAZONAS,CHACHAPOYAS,OLLEROS,-6.023889,-77.676389,3053
010117,AMAZONAS,CHACHAPOYAS,QUINJALCA,-6.091389,-77.678611,3151
010118,AMAZONAS,CHACHAPOYAS,SAN FRANCISCO DE DAGUAS,-6.229167,-77.740000,2254
010119,AMAZONAS,CHACHAPOYAS,SAN ISIDRO DE MAINO,-6.337222,-77.880556,2339
010120,AMAZONAS,CHACHAPOYAS,SOLOCO,-6.260556,-77.744167,2387
010121,AMAZONAS,CHACHAPOYAS,SONCHE,-6.218889,-77.775278,2089
010201,AMAZONAS,BAGUA,BAGUA,-5.638889,-78.531111,408
010202,AMAZONAS,BAGUA,ARAMANGO,-5.416389,-78.437778,502
010203,AMAZONAS,BAGUA,COPALLIN,-5.675000,-78.423056,693
010204,AMAZONAS,BAGUA,EL PARCO,-5.625000,-78.475278,626
010205,AMAZONAS,BAGUA,IMAZA,-5.163611,-78.288889,317
010206,AMAZONAS,BAGUA,LA PECA,-5.611944,-78.436944,892
010301,AMAZONAS,BONGARA,JUMBILLA,-5.904444,-77.797778,2081
010302,AMAZONAS,BONGARA,CHISQUILLA,-5.897500,-77.786111,2057
010303,AMAZONAS,BONGARA,CHURUJA,-6.019444,-77.951944,1399
010304,AMAZONAS,BONGARA,COROSHA,-5.843333,-77.822500,2297
010305,AMAZONAS,BONGARA,CUISPES,-5.928333,-77.946111,1912
010306,AMAZONAS,BONGARA,FLORIDA,-5.826111,-77.969444,2251
010307,AMAZONAS,BONGARA,JAZAN,-5.941389,-77.977222,1342
010308,AMAZONAS,BONGARA,RECTA,-5.917778,-77.788889,2166
010309,AMAZONAS,BONGARA,SAN CARLOS,-5.966111,-77.945278,1942
010310,AMAZONAS,BONGARA,SHIPASBAMBA,-5.910556,-77.980556,1668
010311,AMAZONAS,BONGARA,VALERA,-6.042778,-77.919167,1928
010312,AMAZONAS,BONGARA,YAMBRASBAMBA,-5.735278,-77.925000,1887
010401,AMAZONAS,CONDORCANQUI,NIEVA,-4.592222,-77.864444,189
010402,AMAZONAS,CONDORCANQUI,EL CENEPA,-4.455556,-78.158889,253
010403,AMAZONAS,CONDORCANQUI,RIO SANTIAGO,-4.015833,-77.760833,190
010501,AMAZONAS,LUYA,LAMUD,-6.139167,-77.952222,2328
010502,AMAZONAS,LUYA,CAMPORREDONDO,-6.213333,-78.320000,1748
010503,AMAZONAS,LUYA,COCABAMBA,-6.614167,-78.005000,2273
010504,AMAZONAS,LUYA,COLCAMAR,-6.299444,-77.973056,2355
010505,AMAZONAS,LUYA,CONILA,-6.159167,-78.141944,2767
010506,AMAZONAS,LUYA,INGUILPATA,-6.239444,-77.953889,2380
010507,AMAZONAS,LUYA,LONGUITA,-6.413611,-77.968333,2799
010508,AMAZONAS,LUYA,LONYA CHICO,-6.229722,-77.955000,2329
010509,AMAZONAS,LUYA,LUYA,-6.164167,-77.944167,2359
010510,AMAZONAS,LUYA,LUYA VIEJO,-6.127500,-78.085000,2924
010511,AMAZONAS,LUYA,MARIA,-6.428889,-77.960833,2757
010512,AMAZONAS,LUYA,OCALLI,-6.235278,-78.266389,1757
010513,AMAZONAS,LUYA,OCUMAL,-6.282500,-78.210833,1898
010514,AMAZONAS,LUYA,PISUQUIA,-6.453333,-78.091944,2049
010515,AMAZONAS,LUYA,PROVIDENCIA,-6.297222,-78.240833,1784
010516,AMAZONAS,LUYA,SAN CRISTOBAL,-6.101667,-77.959722,2636
010517,AMAZONAS,LUYA,SAN FRANCISCO DEL YESO,-6.646944,-77.811667,2404
010518,AMAZONAS,LUYA,SAN JERONIMO,-6.059722,-77.974444,2498
010519,AMAZONAS,LUYA,SAN JUAN DE LOPECANCHA,-6.496389,-77.861944,2164
010520,AMAZONAS,LUYA,SANTA CATALINA,-6.113611,-78.060833,2574
010521,AMAZONAS,LUYA,SANTO TOMAS,-6.572500,-77.865833,2837
010522,AMAZONAS,LUYA,TINGO,-6.379722,-77.905833,1800
010523,AMAZONAS,LUYA,TRITA,-6.151944,-77.980833,2888
010601,AMAZONAS,RODRIGUEZ DE MENDOZA,SAN NICOLAS,-6.395278,-77.482222,1616
010602,AMAZONAS,RODRIGUEZ DE MENDOZA,CHIRIMOTO,-6.523056,-77.442500,1663
010603,AMAZONAS,RODRIGUEZ DE MENDOZA,COCHAMAL,-6.407500,-77.585278,1720
010604,AMAZONAS,RODRIGUEZ DE MENDOZA,HUAMBO,-6.431111,-77.536667,1731
010605,AMAZONAS,RODRIGUEZ DE MENDOZA,LIMABAMBA,-6.498056,-77.498889,1677
010606,AMAZONAS,RODRIGUEZ DE MENDOZA,LONGAR,-6.385833,-77.546667,1623
010607,AMAZONAS,RODRIGUEZ DE MENDOZA,MARISCAL BENAVIDES,-6.386111,-77.504444,1592
010608,AMAZONAS,RODRIGUEZ DE MENDOZA,MILPUC,-6.500000,-77.436389,1665
010609,AMAZONAS,RODRIGUEZ DE MENDOZA,OMIA,-6.467778,-77.395556,1368
010610,AMAZONAS,RODRIGUEZ DE MENDOZA,SANTA ROSA,-6.453611,-77.455278,1770
010611,AMAZONAS,RODRIGUEZ DE MENDOZA,TOTORA,-6.493056,-77.471667,1674
010612,AMAZONAS,RODRIGUEZ DE MENDOZA,VISTA ALEGRE,-6.150833,-77.303889,1504
010701,AMAZONAS,UTCUBAMBA,BAGUA GRANDE,-5.754722,-78.442778,444
010702,AMAZONAS,UTCUBAMBA,CAJARURO,-5.736389,-78.426667,469
010703,AMAZONAS,UTCUBAMBA,CUMBA,-5.935556,-78.663611,477
010704,AMAZONAS,UTCUBAMBA,EL MILAGRO,-5.637778,-78.558333,392
010705,AMAZONAS,UTCUBAMBA,JAMALCA,-5.894167,-78.237778,1184
010706,AMAZONAS,UTCUBAMBA,LONYA GRANDE,-6.096389,-78.422500,1269
010707,AMAZONAS,UTCUBAMBA,YAMON,-6.050833,-78.528889,1052
020101,ANCASH,HUARAZ,HUARAZ,-9.529722,-77.529167,3073
020102,ANCASH,HUARAZ,COCHABAMBA,-9.495000,-77.859444,2135
020103,ANCASH,HUARAZ,COLCABAMBA,-9.594722,-77.808611,3154
020104,ANCASH,HUARAZ,HUANCHAY,-9.723611,-77.818611,2592
020105,ANCASH,HUARAZ,INDEPENDENCIA,-9.514444,-77.532500,3047
020106,ANCASH,HUARAZ,JANGAS,-9.400556,-77.577500,2824
020107,ANCASH,HUARAZ,LA LIBERTAD,-9.633056,-77.741389,3343
020108,ANCASH,HUARAZ,OLLEROS,-9.666667,-77.465556,3443
020109,ANCASH,HUARAZ,PAMPAS,-9.655278,-77.826111,3698
020110,ANCASH,HUARAZ,PARIACOTO,-9.559444,-77.890556,1264
020111,ANCASH,HUARAZ,PIRA,-9.581111,-77.707222,3602
020112,ANCASH,HUARAZ,TARICA,-9.393611,-77.575000,2832
020201,ANCASH,AIJA,AIJA,-9.780278,-77.610556,3421
020202,ANCASH,AIJA,CORIS,-9.820556,-77.719444,2903
020203,ANCASH,AIJA,HUACLLAN,-9.798056,-77.675278,3020
020204,ANCASH,AIJA,LA MERCED,-9.735556,-77.616111,3311
020205,ANCASH,AIJA,SUCCHA,-9.823056,-77.649722,3167
020301,ANCASH,ANTONIO RAYMONDI,LLAMELLIN,-9.100833,-77.016944,3400
020302,ANCASH,ANTONIO RAYMONDI,ACZO,-9.151944,-76.988889,2680
020303,ANCASH,ANTONIO RAYMONDI,CHACCHO,-9.059722,-77.058333,3371
020304,ANCASH,ANTONIO RAYMONDI,CHINGAS,-9.118611,-76.991944,2866
020305,ANCASH,ANTONIO RAYMONDI,MIRGAS,-9.078611,-77.092500,3147
020306,ANCASH,ANTONIO RAYMONDI,SAN JUAN DE RONTOY,-9.175278,-77.002778,3503
020401,ANCASH,ASUNCION,CHACAS,-9.162222,-77.365833,3387
020402,ANCASH,ASUNCION,ACOCHACA,-9.114722,-77.368333,2864
020501,ANCASH,BOLOGNESI,CHIQUIAN,-10.151944,-77.156389,3410
020502,ANCASH,BOLOGNESI,ABELARDO PARDO LEZAMETA,-10.299167,-77.146389,2108
020503,ANCASH,BOLOGNESI,ANTONIO RAYMONDI,-10.157222,-77.470556,2139
020504,ANCASH,BOLOGNESI,AQUIA,-10.074444,-77.145000,3356
020505,ANCASH,BOLOGNESI,CAJACAY,-10.155278,-77.439722,2616
020506,ANCASH,BOLOGNESI,CANIS,-10.338889,-77.168889,2465
020507,ANCASH,BOLOGNESI,COLQUIOC,-10.312222,-77.615278,772
020508,ANCASH,BOLOGNESI,HUALLANCA,-9.899444,-76.941667,3563
020509,ANCASH,BOLOGNESI,HUASTA,-10.123333,-77.146667,3382
020510,ANCASH,BOLOGNESI,HUAYLLACAYAN,-10.245000,-77.434722,3287
020511,ANCASH,BOLOGNESI,LA PRIMAVERA,-10.335556,-77.125278,2658
020512,ANCASH,BOLOGNESI,MANGAS,-10.369444,-77.103333,3492
020513,ANCASH,BOLOGNESI,PACLLON,-10.234444,-77.071667,3296
020514,ANCASH,BOLOGNESI,SAN MIGUEL DE CORPANQUI,-10.285000,-77.198889,3405
020515,ANCASH,BOLOGNESI,TICLLOS,-10.253056,-77.190833,3665
020601,ANCASH,CARHUAZ,CARHUAZ,-9.281389,-77.646667,2663
020602,ANCASH,CARHUAZ,ACOPAMPA,-9.294722,-77.625278,2692
020603,ANCASH,CARHUAZ,AMASHCA,-9.239167,-77.646667,2905
020604,ANCASH,CARHUAZ,ANTA,-9.357778,-77.598889,2800
020605,ANCASH,CARHUAZ,ATAQUERO,-9.262222,-77.691667,2749
020606,ANCASH,CARHUAZ,MARCARA,-9.322778,-77.603611,2767
020607,ANCASH,CARHUAZ,PARIAHUANCA,-9.365278,-77.580833,2830
020608,ANCASH,CARHUAZ,SAN MIGUEL DE ACO,-9.368333,-77.564444,2956
020609,ANCASH,CARHUAZ,SHILLA,-9.231667,-77.625000,3036
020610,ANCASH,CARHUAZ,TINCO,-9.270833,-77.677500,2606
020611,ANCASH,CARHUAZ,YUNGAR,-9.377500,-77.592222,2836
020701,ANCASH,CARLOS FERMIN FITZCARRALD,SAN LUIS,-9.094167,-77.328889,3145
020702,ANCASH,CARLOS FERMIN FITZCARRALD,SAN NICOLAS,-8.975833,-77.189167,2890
020703,ANCASH,CARLOS FERMIN FITZCARRALD,YAUYA,-8.991111,-77.291389,3257
020801,ANCASH,CASMA,CASMA,-9.475833,-78.306389,59
020802,ANCASH,CASMA,BUENA VISTA ALTA,-9.432500,-78.206944,225
020803,ANCASH,CASMA,COMANDANTE NOEL,-9.462500,-78.384722,14
020804,ANCASH,CASMA,YAUTAN,-9.511389,-77.996389,831
020901,ANCASH,CORONGO,CORONGO,-8.570833,-77.898889,3172
020902,ANCASH,CORONGO,ACO,-8.523056,-77.877778,3118
020903,ANCASH,CORONGO,BAMBAS,-8.602500,-77.996944,2943
020904,ANCASH,CORONGO,CUSCA,-8.513333,-77.864722,3196
020905,ANCASH,CORONGO,LA PAMPA,-8.661111,-77.900833,1803
020906,ANCASH,CORONGO,YANAC,-8.618611,-77.864722,2877
020907,ANCASH,CORONGO,YUPAN,-8.614444,-77.968611,2781
021001,ANCASH,HUARI,HUARI,-9.347222,-77.170833,3114
021002,ANCASH,HUARI,ANRA,-9.234722,-76.926389,3197
021003,ANCASH,HUARI,CAJAY,-9.325833,-77.157500,3175
021004,ANCASH,HUARI,CHAVIN DE HUANTAR,-9.588611,-77.178333,3115
021005,ANCASH,HUARI,HUACACHI,-9.315556,-76.938611,3498
021006,ANCASH,HUARI,HUACCHIS,-9.200556,-76.786944,3491
021007,ANCASH,HUARI,HUACHIS,-9.410000,-77.100000,3275
021008,ANCASH,HUARI,HUANTAR,-9.451944,-77.176667,3363
021009,ANCASH,HUARI,MASIN,-9.365833,-77.096389,2547
021010,ANCASH,HUARI,PAUCAS,-9.152500,-76.899444,3433
021011,ANCASH,HUARI,PONTO,-9.326111,-77.004444,3142
021012,ANCASH,HUARI,RAHUAPAMPA,-9.359167,-77.078611,2521
021013,ANCASH,HUARI,RAPAYAN,-9.202500,-76.759444,3233
021014,ANCASH,HUARI,SAN MARCOS,-9.524167,-77.156944,2988
021015,ANCASH,HUARI,SAN PEDRO DE CHANA,-9.403056,-77.011111,3439
021016,ANCASH,HUARI,UCO,-9.188333,-76.928333,3347
021101,ANCASH,HUARMEY,HUARMEY,-10.068889,-78.151667,30
021102,ANCASH,HUARMEY,COCHAPETI,-9.987222,-77.646111,3529
021103,ANCASH,HUARMEY,CULEBRAS,-9.950278,-78.222222,41
021104,ANCASH,HUARMEY,HUAYAN,-9.875278,-77.708333,2702
021105,ANCASH,HUARMEY,MALVAS,-9.929722,-77.657778,3132
021201,ANCASH,HUAYLAS,CARAZ,-9.048611,-77.804722,2273
021202,ANCASH,HUAYLAS,HUALLANCA,-8.818889,-77.863056,1391
021203,ANCASH,HUAYLAS,HUATA,-9.016389,-77.861389,2712
021204,ANCASH,HUAYLAS,HUAYLAS,-8.872500,-77.892778,2735
021205,ANCASH,HUAYLAS,MATO,-8.961389,-77.842500,2209
021206,ANCASH,HUAYLAS,PAMPAROMAS,-9.073333,-77.981667,2772
021207,ANCASH,HUAYLAS,PUEBLO LIBRE,-9.110000,-77.801944,2485
021208,ANCASH,HUAYLAS,SANTA CRUZ,-8.951944,-77.815000,2890
021209,ANCASH,HUAYLAS,SANTO TORIBIO,-8.864444,-77.914722,2926
021210,ANCASH,HUAYLAS,YURACMARCA,-8.737500,-77.903889,1484
021301,ANCASH,MARISCAL LUZURIAGA,PISCOBAMBA,-8.865000,-77.357778,3326
021302,ANCASH,MARISCAL LUZURIAGA,CASCA,-8.855556,-77.398611,3176
021303,ANCASH,MARISCAL LUZURIAGA,ELEAZAR GUZMAN BARRON,-8.902222,-77.243889,2845
021304,ANCASH,MARISCAL LUZURIAGA,FIDEL OLIVAS ESCUDERO,-8.806111,-77.279722,2849
021305,ANCASH,MARISCAL LUZURIAGA,LLAMA,-8.915000,-77.301389,2839
021306,ANCASH,MARISCAL LUZURIAGA,LLUMPA,-8.960833,-77.367500,2900
021307,ANCASH,MARISCAL LUZURIAGA,LUCMA,-8.919444,-77.410833,3096
021308,ANCASH,MARISCAL LUZURIAGA,MUSGA,-8.906111,-77.339167,3001
021401,ANCASH,OCROS,OCROS,-10.403333,-77.396667,3238
021402,ANCASH,OCROS,ACAS,-10.457500,-77.327778,3712
021403,ANCASH,OCROS,CAJAMARQUILLA,-10.354167,-77.199167,3545
021404,ANCASH,OCROS,CARHUAPAMPA,-10.497500,-77.242778,2250
021405,ANCASH,OCROS,COCHAS,-10.536667,-77.422778,1290
021406,ANCASH,OCROS,CONGAS,-10.337500,-77.442778,3112
021407,ANCASH,OCROS,LLIPA,-10.392500,-77.190833,2767
021408,ANCASH,OCROS,SAN CRISTOBAL DE RAJAN,-10.386944,-77.219444,3634
021409,ANCASH,OCROS,SAN PEDRO,-10.371944,-77.487222,2243
021410,ANCASH,OCROS,SANTIAGO DE CHILCAS,-10.438611,-77.365833,3692
021501,ANCASH,PALLASCA,CABANA,-8.393056,-78.008889,3156
021502,ANCASH,PALLASCA,BOLOGNESI,-8.350556,-78.050556,2931
021503,ANCASH,PALLASCA,CONCHUCOS,-8.268611,-77.852778,3206
021504,ANCASH,PALLASCA,HUACASCHUQUE,-8.306389,-78.004722,3140
021505,ANCASH,PALLASCA,HUANDOVAL,-8.331111,-77.975278,3063
021506,ANCASH,PALLASCA,LACABAMBA,-8.260278,-77.898333,3427
021507,ANCASH,PALLASCA,LLAPO,-8.514444,-78.042222,3416
021508,ANCASH,PALLASCA,PALLASCA,-8.253056,-77.999444,3086
021509,ANCASH,PALLASCA,PAMPAS,-8.195278,-77.895833,3216
021510,ANCASH,PALLASCA,SANTA ROSA,-8.527778,-78.067500,2413
021511,ANCASH,PALLASCA,TAUCA,-8.470278,-78.037778,3368
021601,ANCASH,POMABAMBA,POMABAMBA,-8.821111,-77.460278,2964
021602,ANCASH,POMABAMBA,HUAYLLAN,-8.858056,-77.435556,2993
021603,ANCASH,POMABAMBA,PAROBAMBA,-8.695833,-77.429722,3182
021604,ANCASH,POMABAMBA,QUINUABAMBA,-8.697222,-77.398333,3129
021701,ANCASH,RECUAY,RECUAY,-9.721667,-77.456389,3428
021702,ANCASH,RECUAY,CATAC,-9.801667,-77.430556,3579
021703,ANCASH,RECUAY,COTAPARACO,-9.993333,-77.588056,3032
021704,ANCASH,RECUAY,HUAYLLAPAMPA,-10.055556,-77.536667,2908
021705,ANCASH,RECUAY,LLACLLIN,-10.069167,-77.621667,3020
021706,ANCASH,RECUAY,MARCA,-10.089167,-77.474444,2615
021707,ANCASH,RECUAY,PAMPAS CHICO,-10.114722,-77.398056,3552
021708,ANCASH,RECUAY,PARARIN,-10.050000,-77.654444,3402
021709,ANCASH,RECUAY,TAPACOCHA,-10.010278,-77.569167,3596
021710,ANCASH,RECUAY,TICAPAMPA,-9.760556,-77.442778,3485
021801,ANCASH,SANTA,CHIMBOTE,-9.041667,-78.607778,52
021802,ANCASH,SANTA,CACERES DEL PERU,-9.013056,-78.138056,1210
021803,ANCASH,SANTA,COISHCO,-9.023056,-78.616111,31
021804,ANCASH,SANTA,MACATE,-8.760278,-78.061389,2731
021805,ANCASH,SANTA,MORO,-9.138889,-78.183333,504
021806,ANCASH,SANTA,NEPEÑA,-9.172778,-78.360833,159
021807,ANCASH,SANTA,SAMANCO,-9.262222,-78.495833,17
021808,ANCASH,SANTA,SANTA,-8.987778,-78.613056,35
021809,ANCASH,SANTA,NUEVO CHIMBOTE,-9.128611,-78.530833,40
021901,ANCASH,SIHUAS,SIHUAS,-8.554444,-77.630833,2767
021902,ANCASH,SIHUAS,ACOBAMBA,-8.326111,-77.581944,3147
021903,ANCASH,SIHUAS,ALFONSO UGARTE,-8.456111,-77.426667,3197
021904,ANCASH,SIHUAS,CASHAPAMPA,-8.561111,-77.653056,3430
021905,ANCASH,SIHUAS,CHINGALPO,-8.338611,-77.597500,3157
021906,ANCASH,SIHUAS,HUAYLLABAMBA,-8.534722,-77.566944,3329
021907,ANCASH,SIHUAS,QUICHES,-8.395000,-77.491111,3035
021908,ANCASH,SIHUAS,RAGASH,-8.531667,-77.665833,3437
021909,ANCASH,SIHUAS,SAN JUAN,-8.646389,-77.581944,2739
021910,ANCASH,SIHUAS,SICSIBAMBA,-8.623333,-77.535556,3148
022001,ANCASH,YUNGAY,YUNGAY,-9.140000,-77.744722,2517
022002,ANCASH,YUNGAY,CASCAPARA,-9.226389,-77.717222,2742
022003,ANCASH,YUNGAY,MANCOS,-9.190000,-77.712222,2542
022004,ANCASH,YUNGAY,MATACOTO,-9.176944,-77.747222,2486
022005,ANCASH,YUNGAY,QUILLO,-9.328611,-78.041667,1267
022006,ANCASH,YUNGAY,RANRAHIRCA,-9.173056,-77.722500,2496
022007,ANCASH,YUNGAY,SHUPLUY,-9.216944,-77.693889,2517
022008,ANCASH,YUNGAY,YANAMA,-9.020556,-77.470833,3389
030101,APURIMAC,ABANCAY,ABANCAY,-13.628889,-72.886111,2500
030102,APURIMAC,ABANCAY,CHACOCHE,-13.941111,-72.991111,3482
030103,APURIMAC,ABANCAY,CIRCA,-13.878333,-72.875833,3206
030104,APURIMAC,ABANCAY,CURAHUASI,-13.541389,-72.696111,2694
030105,APURIMAC,ABANCAY,HUANIPACA,-13.492222,-72.933333,3155
030106,APURIMAC,ABANCAY,LAMBRAMA,-13.870833,-72.769722,3126
030107,APURIMAC,ABANCAY,PICHIRHUA,-13.860833,-73.073333,2766
030108,APURIMAC,ABANCAY,SAN PEDRO DE CACHORA,-13.514167,-72.814167,2916
030109,APURIMAC,ABANCAY,TAMBURCO,-13.622222,-72.873333,2620
030201,APURIMAC,ANDAHUAYLAS,ANDAHUAYLAS,-13.656111,-73.389722,2836
030202,APURIMAC,ANDAHUAYLAS,ANDARAPA,-13.528056,-73.365833,3002
030203,APURIMAC,ANDAHUAYLAS,CHIARA,-13.867222,-73.668889,3289
030204,APURIMAC,ANDAHUAYLAS,HUANCARAMA,-13.644722,-73.085556,2976
030205,APURIMAC,ANDAHUAYLAS,HUANCARAY,-13.757222,-73.527500,2909
030206,APURIMAC,ANDAHUAYLAS,HUAYANA,-14.050833,-73.609444,3196
030207,APURIMAC,ANDAHUAYLAS,KISHUARA,-13.691111,-73.118611,3717
030208,APURIMAC,ANDAHUAYLAS,PACOBAMBA,-13.615278,-73.083889,2712
030209,APURIMAC,ANDAHUAYLAS,PACUCHA,-13.609444,-73.344167,3162
030210,APURIMAC,ANDAHUAYLAS,PAMPACHIRI,-14.186944,-73.544722,3388
030211,APURIMAC,ANDAHUAYLAS,POMACOCHA,-14.083889,-73.590833,3673
030212,APURIMAC,ANDAHUAYLAS,SAN ANTONIO DE CACHI,-13.773056,-73.603333,3258
030213,APURIMAC,ANDAHUAYLAS,SAN JERONIMO,-13.651667,-73.365833,2973
030214,APURIMAC,ANDAHUAYLAS,SAN MIGUEL DE CHACCRAMPA,-13.961111,-73.607778,3681
030215,APURIMAC,ANDAHUAYLAS,SANTA MARIA DE CHICMO,-13.657500,-73.493889,3287
030216,APURIMAC,ANDAHUAYLAS,TALAVERA,-13.654167,-73.428889,2842
030217,APURIMAC,ANDAHUAYLAS,TUMAY HUARACA,-14.052778,-73.565833,3409
030218,APURIMAC,ANDAHUAYLAS,TURPO,-13.785556,-73.474167,3327
030219,APURIMAC,ANDAHUAYLAS,KAQUIABAMBA,-13.532500,-73.288333,3087
030220,APURIMAC,ANDAHUAYLAS,JOSE MARIA ARGUEDAS,-13.734167,-73.350556,3590
030301,APURIMAC,ANTABAMBA,ANTABAMBA,-14.365278,-72.877222,3664
030302,APURIMAC,ANTABAMBA,EL ORO,-14.208889,-73.058333,3304
030303,APURIMAC,ANTABAMBA,HUAQUIRCA,-14.339444,-72.895000,3500
030304,APURIMAC,ANTABAMBA,JUAN ESPINOZA MEDRANO,-14.428333,-72.915000,3316
030305,APURIMAC,ANTABAMBA,OROPESA,-14.260556,-72.563611,3327
030306,APURIMAC,ANTABAMBA,PACHACONAS,-14.223333,-73.016389,3465
030307,APURIMAC,ANTABAMBA,SABAINO,-14.313333,-72.945278,3441
030401,APURIMAC,AYMARAES,CHALHUANCA,-14.294444,-73.244722,2929
030402,APURIMAC,AYMARAES,CAPAYA,-14.117778,-73.321111,3311
030403,APURIMAC,AYMARAES,CARAYBAMBA,-14.378056,-73.160833,3324
030404,APURIMAC,AYMARAES,CHAPIMARCA,-13.975000,-73.065000,3423
030405,APURIMAC,AYMARAES,COLCABAMBA,-14.006389,-73.254167,3174
030406,APURIMAC,AYMARAES,COTARUSE,-14.415833,-73.205000,3268
030407,APURIMAC,AYMARAES,HUAYLLO,-14.133056,-73.267778,3172
030408,APURIMAC,AYMARAES,JUSTO APU SAHUARAURA,-14.148056,-73.173889,3133
030409,APURIMAC,AYMARAES,LUCRE,-13.949722,-73.226111,2822
030410,APURIMAC,AYMARAES,POCOHUANCA,-14.218333,-73.086944,3374
030411,APURIMAC,AYMARAES,SAN JUAN DE CHACÑA,-13.924167,-73.182222,2874
030412,APURIMAC,AYMARAES,SAÑAYCA,-14.204444,-73.346944,3373
030413,APURIMAC,AYMARAES,SORAYA,-14.164722,-73.315000,2884
030414,APURIMAC,AYMARAES,TAPAIRIHUA,-14.141389,-73.140278,2839
030415,APURIMAC,AYMARAES,TINTAY,-13.959444,-73.185278,2824
030416,APURIMAC,AYMARAES,TORAYA,-14.053056,-73.293889,3167
030417,APURIMAC,AYMARAES,YANACA,-14.225278,-73.160000,3339
030501,APURIMAC,COTABAMBAS,TAMBOBAMBA,-13.946111,-72.174722,3267
030502,APURIMAC,COTABAMBAS,COTABAMBAS,-13.745556,-72.355000,3557
030503,APURIMAC,COTABAMBAS,COYLLURQUI,-13.836944,-72.432222,3184
030504,APURIMAC,COTABAMBAS,HAQUIRA,-14.214167,-72.188889,3698
030505,APURIMAC,COTABAMBAS,MARA,-14.086667,-72.101944,3792
030506,APURIMAC,COTABAMBAS,CHALLHUAHUACHO,-14.118611,-72.246667,3724
030601,APURIMAC,CHINCHEROS,CHINCHEROS,-13.518333,-73.722778,2799
030602,APURIMAC,CHINCHEROS,ANCO-HUALLO,-13.529722,-73.674167,3239
030603,APURIMAC,CHINCHEROS,COCHARCAS,-13.610556,-73.741389,3051
030604,APURIMAC,CHINCHEROS,HUACCANA,-13.388056,-73.689167,3093
030605,APURIMAC,CHINCHEROS,OCOBAMBA,-13.482500,-73.560278,3039
030606,APURIMAC,CHINCHEROS,ONGOY,-13.402778,-73.668333,2799
030607,APURIMAC,CHINCHEROS,URANMARCA,-13.672222,-73.669444,3115
030608,APURIMAC,CHINCHEROS,RANRACANCHA,-13.532500,-73.605556,3426
030609,APURIMAC,CHINCHEROS,ROCCHACC,-13.440556,-73.600000,3042
030610,APURIMAC,CHINCHEROS,EL PORVENIR,-13.396667,-73.593333,3045
030611,APURIMAC,CHINCHEROS,LOS CHANKAS,-13.435000,-73.821944,2058
030612,APURIMAC,CHINCHEROS,AHUAYRO,,,
030701,APURIMAC,GRAU,CHUQUIBAMBILLA,-14.105000,-72.707778,3360
030702,APURIMAC,GRAU,CURPAHUASI,-14.063333,-72.670833,3490
030703,APURIMAC,GRAU,GAMARRA,-13.871667,-72.508333,3489
030704,APURIMAC,GRAU,HUAYLLATI,-13.928056,-72.484444,3469
030705,APURIMAC,GRAU,MAMARA,-14.228611,-72.590833,3619
030706,APURIMAC,GRAU,MICAELA BASTIDAS,-14.115278,-72.614167,3528
030707,APURIMAC,GRAU,PATAYPAMPA,-14.177500,-72.672500,3800
030708,APURIMAC,GRAU,PROGRESO,-14.072222,-72.476667,3817
030709,APURIMAC,GRAU,SAN ANTONIO,-14.169444,-72.623333,3483
030710,APURIMAC,GRAU,SANTA ROSA,-14.139722,-72.656667,3539
030711,APURIMAC,GRAU,TURPAY,-14.227778,-72.622500,3448
030712,APURIMAC,GRAU,VILCABAMBA,-14.077778,-72.624722,2801
030713,APURIMAC,GRAU,VIRUNDO,-14.250278,-72.681111,3876
030714,APURIMAC,GRAU,CURASCO,-14.061944,-72.567778,3566
040101,AREQUIPA,AREQUIPA,AREQUIPA,-16.393333,-71.528889,2429
040102,AREQUIPA,AREQUIPA,ALTO SELVA ALEGRE,-16.380000,-71.521111,2510
040103,AREQUIPA,AREQUIPA,CAYMA,-16.362500,-71.544167,2531
040104,AREQUIPA,AREQUIPA,CERRO COLORADO,-16.376389,-71.560833,2441
040105,AREQUIPA,AREQUIPA,CHARACATO,-16.468611,-71.484444,2506
040106,AREQUIPA,AREQUIPA,CHIGUATA,-16.403611,-71.391667,3006
040107,AREQUIPA,AREQUIPA,JACOBO HUNTER,-16.441389,-71.558611,2309
040108,AREQUIPA,AREQUIPA,LA JOYA,-16.423056,-71.818333,1640
040109,AREQUIPA,AREQUIPA,MARIANO MELGAR,-16.407222,-71.505556,2459
040110,AREQUIPA,AREQUIPA,MIRAFLORES,-16.394722,-71.522500,2450
040111,AREQUIPA,AREQUIPA,MOLLEBAYA,-16.487222,-71.466944,2515
040112,AREQUIPA,AREQUIPA,PAUCARPATA,-16.432778,-71.504722,2453
040113,AREQUIPA,AREQUIPA,POCSI,-16.517778,-71.389722,3045
040114,AREQUIPA,AREQUIPA,POLOBAYA,-16.565833,-71.368333,3116
040115,AREQUIPA,AREQUIPA,QUEQUEÑA,-16.557222,-71.451389,2561
040116,AREQUIPA,AREQUIPA,SABANDIA,-16.456944,-71.494722,2441
040117,AREQUIPA,AREQUIPA,SACHACA,-16.424444,-71.566389,2300
040118,AREQUIPA,AREQUIPA,SAN JUAN DE SIGUAS,-16.346111,-72.128333,1281
040119,AREQUIPA,AREQUIPA,SAN JUAN DE TARUCANI,-16.183611,-71.061944,4217
040120,AREQUIPA,AREQUIPA,SANTA ISABEL DE SIGUAS,-16.320833,-72.098889,1390
040121,AREQUIPA,AREQUIPA,SANTA RITA DE SIGUAS,-16.493611,-72.094722,1283
040122,AREQUIPA,AREQUIPA,SOCABAYA,-16.467500,-71.528611,2352
040123,AREQUIPA,AREQUIPA,TIABAYA,-16.449444,-71.591667,2218
040124,AREQUIPA,AREQUIPA,UCHUMAYO,-16.425278,-71.672500,1976
040125,AREQUIPA,AREQUIPA,VITOR,-16.465833,-71.935833,1189
040126,AREQUIPA,AREQUIPA,YANAHUARA,-16.381944,-71.536389,2402
040127,AREQUIPA,AREQUIPA,YARABAMBA,-16.546667,-71.475556,2467
040128,AREQUIPA,AREQUIPA,YURA,-16.246944,-71.706389,2495
040129,AREQUIPA,AREQUIPA,JOSE LUIS BUSTAMANTE Y RIVERO,-16.426667,-71.523889,2389
040201,AREQUIPA,CAMANA,CAMANA,-16.624722,-72.711389,20
040202,AREQUIPA,CAMANA,JOSE MARIA QUIMPER,-16.601944,-72.727222,35
040203,AREQUIPA,CAMANA,MARIANO NICOLAS VALCARCEL,-16.031389,-73.174444,362
040204,AREQUIPA,CAMANA,MARISCAL CACERES,-16.619722,-72.736111,18
040205,AREQUIPA,CAMANA,NICOLAS DE PIEROLA,-16.573056,-72.715833,71
040206,AREQUIPA,CAMANA,OCOÑA,-16.431667,-73.105000,16
040207,AREQUIPA,CAMANA,QUILCA,-16.716944,-72.425556,82
040208,AREQUIPA,CAMANA,SAMUEL PASTOR,-16.613611,-72.699167,21
040301,AREQUIPA,CARAVELI,CARAVELI,-15.772500,-73.365833,1811
040302,AREQUIPA,CARAVELI,ACARI,-15.435556,-74.616389,171
040303,AREQUIPA,CARAVELI,ATICO,-16.208333,-73.623611,101
040304,AREQUIPA,CARAVELI,ATIQUIPA,-15.796111,-74.363611,330
040305,AREQUIPA,CARAVELI,BELLA UNION,-15.450556,-74.658333,218
040306,AREQUIPA,CARAVELI,CAHUACHO,-15.502778,-73.479722,3423
040307,AREQUIPA,CARAVELI,CHALA,-15.865556,-74.247500,21
040308,AREQUIPA,CARAVELI,CHAPARRA,-15.805278,-73.966944,611
040309,AREQUIPA,CARAVELI,HUANUHUANU,-15.658889,-74.091389,972
040310,AREQUIPA,CARAVELI,JAQUI,-15.479167,-74.443611,271
040311,AREQUIPA,CARAVELI,LOMAS,-15.569722,-74.851389,26
040312,AREQUIPA,CARAVELI,QUICACHA,-15.625000,-73.798333,1836
040313,AREQUIPA,CARAVELI,YAUCA,-15.661944,-74.527222,31
040401,AREQUIPA,CASTILLA,APLAO,-16.076111,-72.492222,625
040402,AREQUIPA,CASTILLA,ANDAGUA,-15.498889,-72.356111,3594
040403,AREQUIPA,CASTILLA,AYO,-15.682778,-72.271944,2003
040404,AREQUIPA,CASTILLA,CHACHAS,-15.501389,-72.270556,3117
040405,AREQUIPA,CASTILLA,CHILCAYMARCA,-15.286111,-72.376667,3867
040406,AREQUIPA,CASTILLA,CHOCO,-15.576667,-72.128889,2418
040407,AREQUIPA,CASTILLA,HUANCARQUI,-16.096111,-72.472222,620
040408,AREQUIPA,CASTILLA,MACHAGUAY,-15.650278,-72.506111,3131
040409,AREQUIPA,CASTILLA,ORCOPAMPA,-15.262500,-72.341944,3818
040410,AREQUIPA,CASTILLA,PAMPACOLCA,-15.713333,-72.573889,2922
040411,AREQUIPA,CASTILLA,TIPAN,-15.723056,-72.501944,1939
040412,AREQUIPA,CASTILLA,UÑON,-15.728611,-72.432222,2727
040413,AREQUIPA,CASTILLA,URACA,-16.223889,-72.469722,452
040414,AREQUIPA,CASTILLA,VIRACO,-15.658333,-72.525000,3210
040501,AREQUIPA,CAYLLOMA,CHIVAY,-15.640278,-71.603611,3683
040502,AREQUIPA,CAYLLOMA,ACHOMA,-15.660000,-71.703611,3524
040503,AREQUIPA,CAYLLOMA,CABANACONDE,-15.620000,-71.981944,3295
040504,AREQUIPA,CAYLLOMA,CALLALLI,-15.506389,-71.444722,3887
040505,AREQUIPA,CAYLLOMA,CAYLLOMA,-15.188889,-71.773333,4361
040506,AREQUIPA,CAYLLOMA,COPORAQUE,-15.627222,-71.646111,3600
040507,AREQUIPA,CAYLLOMA,HUAMBO,-15.729444,-72.109722,3309
040508,AREQUIPA,CAYLLOMA,HUANCA,-16.033611,-71.878056,3073
040509,AREQUIPA,CAYLLOMA,ICHUPAMPA,-15.650000,-71.686667,3422
040510,AREQUIPA,CAYLLOMA,LARI,-15.618333,-71.772500,3373
040511,AREQUIPA,CAYLLOMA,LLUTA,-16.015556,-72.013889,3031
040512,AREQUIPA,CAYLLOMA,MACA,-15.641389,-71.768333,3287
040513,AREQUIPA,CAYLLOMA,MADRIGAL,-15.608333,-71.807500,3300
040514,AREQUIPA,CAYLLOMA,SAN ANTONIO DE CHUCA,-15.838889,-71.090556,4470
040515,AREQUIPA,CAYLLOMA,SIBAYO,-15.486111,-71.456944,3836
040516,AREQUIPA,CAYLLOMA,TAPAY,-15.577500,-71.939722,3011
040517,AREQUIPA,CAYLLOMA,TISCO,-15.346944,-71.446389,4195
040518,AREQUIPA,CAYLLOMA,TUTI,-15.533056,-71.553056,3831
040519,AREQUIPA,CAYLLOMA,YANQUE,-15.648333,-71.660833,3468
040520,AREQUIPA,CAYLLOMA,MAJES,-16.353333,-72.247222,1392
040601,AREQUIPA,CONDESUYOS,CHUQUIBAMBA,-15.839444,-72.651667,2916
040602,AREQUIPA,CONDESUYOS,ANDARAY,-15.797222,-72.860833,3047
040603,AREQUIPA,CONDESUYOS,CAYARANI,-14.671944,-72.021944,3951
040604,AREQUIPA,CONDESUYOS,CHICHAS,-15.547778,-72.918611,2174
040605,AREQUIPA,CONDESUYOS,IRAY,-15.853611,-72.630000,2469
040606,AREQUIPA,CONDESUYOS,RIO GRANDE,-15.940000,-73.131111,484
040607,AREQUIPA,CONDESUYOS,SALAMANCA,-15.504444,-72.834444,3226
040608,AREQUIPA,CONDESUYOS,YANAQUIHUA,-15.775556,-72.876389,3006
040701,AREQUIPA,ISLAY,MOLLENDO,-17.029167,-72.016389,73
040702,AREQUIPA,ISLAY,COCACHACRA,-17.091111,-71.773889,114
040703,AREQUIPA,ISLAY,DEAN VALDIVIA,-17.145000,-71.826667,16
040704,AREQUIPA,ISLAY,ISLAY,-17.000833,-72.097500,110
040705,AREQUIPA,ISLAY,MEJIA,-17.101111,-71.907500,9
040706,AREQUIPA,ISLAY,PUNTA DE BOMBON,-17.156111,-71.784722,138
040801,AREQUIPA,LA UNION,COTAHUASI,-15.212778,-72.889444,2696
040802,AREQUIPA,LA UNION,ALCA,-15.134167,-72.765000,2759
040803,AREQUIPA,LA UNION,CHARCANA,-15.240556,-73.070556,3432
040804,AREQUIPA,LA UNION,HUAYNACOTAS,-15.174722,-72.849722,2612
040805,AREQUIPA,LA UNION,PAMPAMARCA,-15.182500,-72.905278,2649
040806,AREQUIPA,LA UNION,PUYCA,-15.059167,-72.691667,3675
040807,AREQUIPA,LA UNION,QUECHUALLA,-15.273889,-73.022222,1964
040808,AREQUIPA,LA UNION,SAYLA,-15.320000,-73.221944,3544
040809,AREQUIPA,LA UNION,TAURIA,-15.354167,-73.232500,2850
040810,AREQUIPA,LA UNION,TOMEPAMPA,-15.173056,-72.830278,2644
040811,AREQUIPA,LA UNION,TORO,-15.264444,-72.928333,2987
050101,AYACUCHO,HUAMANGA,AYACUCHO,-13.160278,-74.225278,2797
050102,AYACUCHO,HUAMANGA,ACOCRO,-13.218611,-74.041944,3251
050103,AYACUCHO,HUAMANGA,ACOS VINCHOS,-13.113056,-74.100000,2874
050104,AYACUCHO,HUAMANGA,CARMEN ALTO,-13.179444,-74.220556,2921
050105,AYACUCHO,HUAMANGA,CHIARA,-13.272778,-74.205833,3540
050106,AYACUCHO,HUAMANGA,OCROS,-13.390556,-73.915556,3153
050107,AYACUCHO,HUAMANGA,PACAYCASA,-13.057500,-74.215833,2571
050108,AYACUCHO,HUAMANGA,QUINUA,-13.049167,-74.139167,3301
050109,AYACUCHO,HUAMANGA,SAN JOSE DE TICLLAS,-13.132222,-74.333056,3282
050110,AYACUCHO,HUAMANGA,SAN JUAN BAUTISTA,-13.166667,-74.223611,2786
050111,AYACUCHO,HUAMANGA,SANTIAGO DE PISCHA,-13.085556,-74.393333,3210
050112,AYACUCHO,HUAMANGA,SOCOS,-13.215000,-74.289444,3368
050113,AYACUCHO,HUAMANGA,TAMBILLO,-13.194722,-74.110556,3111
050114,AYACUCHO,HUAMANGA,VINCHOS,-13.241667,-74.354167,3155
050115,AYACUCHO,HUAMANGA,JESUS NAZARENO,-13.154167,-74.212500,2817
050116,AYACUCHO,HUAMANGA,ANDRES AVELINO CACERES DORREGARAY,-13.162778,-74.213889,2775
050201,AYACUCHO,CANGALLO,CANGALLO,-13.629167,-74.143889,2574
050202,AYACUCHO,CANGALLO,CHUSCHI,-13.585000,-74.351667,3157
050203,AYACUCHO,CANGALLO,LOS MOROCHUCOS,-13.557500,-74.195000,3346
050204,AYACUCHO,CANGALLO,MARIA PARADO DE BELLIDO,-13.604722,-74.236389,3245
050205,AYACUCHO,CANGALLO,PARAS,-13.552500,-74.627778,3354
050206,AYACUCHO,CANGALLO,TOTOS,-13.567500,-74.522778,3333
050301,AYACUCHO,HUANCA SANCOS,SANCOS,-13.919722,-74.334167,3433
050302,AYACUCHO,HUANCA SANCOS,CARAPO,-13.837500,-74.315556,3246
050303,AYACUCHO,HUANCA SANCOS,SACSAMARCA,-13.942778,-74.312778,3463
050304,AYACUCHO,HUANCA SANCOS,SANTIAGO DE LUCANAMARCA,-13.843889,-74.372222,3512
050401,AYACUCHO,HUANTA,HUANTA,-12.939444,-74.248056,2685
050402,AYACUCHO,HUANTA,AYAHUANCO,-12.593889,-74.330833,2699
050403,AYACUCHO,HUANTA,HUAMANGUILLA,-13.011111,-74.173056,3300
050404,AYACUCHO,HUANTA,IGUAIN,-12.992500,-74.208889,3063
050405,AYACUCHO,HUANTA,LURICOCHA,-12.899722,-74.273611,2598
050406,AYACUCHO,HUANTA,SANTILLANA,-12.766389,-74.253056,3265
050407,AYACUCHO,HUANTA,SIVIA,-12.511944,-73.858889,561
050408,AYACUCHO,HUANTA,LLOCHEGUA,-12.410000,-73.906389,540
050409,AYACUCHO,HUANTA,CANAYRE,-12.282222,-74.023056,528
050410,AYACUCHO,HUANTA,UCHURACCAY,-12.761389,-74.145556,3898
050411,AYACUCHO,HUANTA,PUCACOLPA,-12.420556,-74.489167,3493
050412,AYACUCHO,HUANTA,CHACA,-12.784167,-74.205833,3400
050413,AYACUCHO,HUANTA,PUTIS,,,
050501,AYACUCHO,LA MAR,SAN MIGUEL,-13.012778,-73.981111,2696
050502,AYACUCHO,LA MAR,ANCO,-13.060278,-73.706944,3213
050503,AYACUCHO,LA MAR,AYNA,-12.624167,-73.789444,627
050504,AYACUCHO,LA MAR,CHILCAS,-13.171111,-73.906389,3192
050505,AYACUCHO,LA MAR,CHUNGUI,-13.222222,-73.621667,3506
050506,AYACUCHO,LA MAR,LUIS CARRANZA,-13.228889,-73.894444,2962
050507,AYACUCHO,LA MAR,SANTA ROSA,-12.687778,-73.735833,729
050508,AYACUCHO,LA MAR,TAMBO,-12.948056,-74.020833,3237
050509,AYACUCHO,LA MAR,SAMUGARI,-12.768333,-73.655556,754
050510,AYACUCHO,LA MAR,ANCHIHUAY,-12.863611,-73.582500,769
050511,AYACUCHO,LA MAR,ORONCCOY,-13.380833,-73.436111,3719
050512,AYACUCHO,LA MAR,UNION PROGRESO,,,
050513,AYACUCHO,LA MAR,RIO MAGDALENA,,,
050514,AYACUCHO,LA MAR,NINABAMBA,,,
050515,AYACUCHO,LA MAR,PATIBAMBA,,,
050601,AYACUCHO,LUCANAS,PUQUIO,-14.694167,-74.124444,3234
050602,AYACUCHO,LUCANAS,AUCARA,-14.281111,-73.975278,3236
050603,AYACUCHO,LUCANAS,CABANA,-14.288333,-73.967222,3298
050604,AYACUCHO,LUCANAS,CARMEN SALCEDO,-14.387778,-73.961944,3478
050605,AYACUCHO,LUCANAS,CHAVIÑA,-14.979444,-73.837500,3338
050606,AYACUCHO,LUCANAS,CHIPAO,-14.365833,-73.876111,3440
050607,AYACUCHO,LUCANAS,HUAC-HUAS,-14.131667,-74.942222,3189
050608,AYACUCHO,LUCANAS,LARAMATE,-14.286111,-74.842500,3078
050609,AYACUCHO,LUCANAS,LEONCIO PRADO,-14.728889,-74.670278,2696
050610,AYACUCHO,LUCANAS,LLAUTA,-14.243611,-74.920278,2666
050611,AYACUCHO,LUCANAS,LUCANAS,-14.622500,-74.233056,3385
050612,AYACUCHO,LUCANAS,OCAÑA,-14.398889,-74.822778,2650
050613,AYACUCHO,LUCANAS,OTOCA,-14.490000,-74.686667,1883
050614,AYACUCHO,LUCANAS,SAISA,-14.940278,-74.417222,3070
050615,AYACUCHO,LUCANAS,SAN CRISTOBAL,-14.743056,-74.222222,3587
050616,AYACUCHO,LUCANAS,SAN JUAN,-14.651667,-74.199167,3290
050617,AYACUCHO,LUCANAS,SAN PEDRO,-14.766944,-74.097778,3115
050618,AYACUCHO,LUCANAS,SAN PEDRO DE PALCO,-14.411944,-74.651389,2538
050619,AYACUCHO,LUCANAS,SANCOS,-15.062778,-73.952222,2826
050620,AYACUCHO,LUCANAS,SANTA ANA DE HUAYCAHUACHO,-14.226389,-73.956667,2984
050621,AYACUCHO,LUCANAS,SANTA LUCIA,-14.978333,-74.523889,2252
050701,AYACUCHO,PARINACOCHAS,CORACORA,-15.016944,-73.781389,3166
050702,AYACUCHO,PARINACOCHAS,CHUMPI,-15.094444,-73.748056,3226
050703,AYACUCHO,PARINACOCHAS,CORONEL CASTAÑEDA,-14.807222,-73.282222,3622
050704,AYACUCHO,PARINACOCHAS,PACAPAUSA,-14.950278,-73.367778,2821
050705,AYACUCHO,PARINACOCHAS,PULLO,-15.210000,-73.826667,3037
050706,AYACUCHO,PARINACOCHAS,PUYUSCA,-15.246944,-73.569444,3307
050707,AYACUCHO,PARINACOCHAS,SAN FRANCISCO DE RAVACAYCO,-14.996944,-73.351111,2833
050708,AYACUCHO,PARINACOCHAS,UPAHUACHO,-14.907222,-73.397500,3341
050801,AYACUCHO,PAUCAR DEL SARA SARA,PAUSA,-15.278611,-73.344167,2536
050802,AYACUCHO,PAUCAR DEL SARA SARA,COLTA,-15.162778,-73.293889,3267
050803,AYACUCHO,PAUCAR DEL SARA SARA,CORCULLA,-15.262778,-73.200278,3503
050804,AYACUCHO,PAUCAR DEL SARA SARA,LAMPA,-15.185000,-73.349167,2809
050805,AYACUCHO,PAUCAR DEL SARA SARA,MARCABAMBA,-15.149722,-73.341667,2615
050806,AYACUCHO,PAUCAR DEL SARA SARA,OYOLO,-15.180000,-73.185278,3410
050807,AYACUCHO,PAUCAR DEL SARA SARA,PARARCA,-15.217500,-73.464722,3047
050808,AYACUCHO,PAUCAR DEL SARA SARA,SAN JAVIER DE ALPABAMBA,-15.056667,-73.322222,2628
050809,AYACUCHO,PAUCAR DEL SARA SARA,SAN JOSE DE USHUA,-15.225000,-73.226667,3034
050810,AYACUCHO,PAUCAR DEL SARA SARA,SARA SARA,-15.245278,-73.453056,3305
050901,AYACUCHO,SUCRE,QUEROBAMBA,-14.011667,-73.838611,3516
050902,AYACUCHO,SUCRE,BELEN,-13.808889,-73.757500,3223
050903,AYACUCHO,SUCRE,CHALCOS,-13.848056,-73.754167,3677
050904,AYACUCHO,SUCRE,CHILCAYOC,-13.883056,-73.727222,3404
050905,AYACUCHO,SUCRE,HUACAÑA,-14.172222,-73.886389,3186
050906,AYACUCHO,SUCRE,MORCOLLA,-14.108611,-73.871944,3504
050907,AYACUCHO,SUCRE,PAICO,-14.038333,-73.642222,3111
050908,AYACUCHO,SUCRE,SAN PEDRO DE LARCAY,-14.168611,-73.572778,3395
050909,AYACUCHO,SUCRE,SAN SALVADOR DE QUIJE,-13.968333,-73.734722,3222
050910,AYACUCHO,SUCRE,SANTIAGO DE PAUCARAY,-14.044444,-73.637500,3251
050911,AYACUCHO,SUCRE,SORAS,-14.114444,-73.604444,3432
051001,AYACUCHO,VICTOR FAJARDO,HUANCAPI,-13.752222,-74.066667,3105
051002,AYACUCHO,VICTOR FAJARDO,ALCAMENCA,-13.657222,-74.147222,3173
051003,AYACUCHO,VICTOR FAJARDO,APONGO,-14.013333,-73.932222,3078
051004,AYACUCHO,VICTOR FAJARDO,ASQUIPATA,-14.054722,-73.909444,3332
051005,AYACUCHO,VICTOR FAJARDO,CANARIA,-13.923056,-73.904722,3043
051006,AYACUCHO,VICTOR FAJARDO,CAYARA,-13.795278,-73.988611,3207
051007,AYACUCHO,VICTOR FAJARDO,COLCA,-13.712500,-74.033889,3003
051008,AYACUCHO,VICTOR FAJARDO,HUAMANQUIQUIA,-13.729167,-74.272222,3390
051009,AYACUCHO,VICTOR FAJARDO,HUANCARAYLLA,-13.718889,-74.102500,3246
051010,AYACUCHO,VICTOR FAJARDO,HUAYA,-13.850000,-73.950833,3423
051011,AYACUCHO,VICTOR FAJARDO,SARHUA,-13.672778,-74.320278,3184
051012,AYACUCHO,VICTOR FAJARDO,VILCANCHOS,-13.611389,-74.532500,3011
051101,AYACUCHO,VILCAS HUAMAN,VILCAS HUAMAN,-13.652500,-73.953889,3494
051102,AYACUCHO,VILCAS HUAMAN,ACCOMARCA,-13.800556,-73.904167,3387
051103,AYACUCHO,VILCAS HUAMAN,CARHUANCA,-13.742500,-73.787222,2980
051104,AYACUCHO,VILCAS HUAMAN,CONCEPCION,-13.532500,-73.875278,3061
051105,AYACUCHO,VILCAS HUAMAN,HUAMBALPA,-13.750278,-73.931667,3294
051106,AYACUCHO,VILCAS HUAMAN,INDEPENDENCIA,-13.852778,-73.877222,3606
051107,AYACUCHO,VILCAS HUAMAN,SAURAMA,-13.695556,-73.759444,3574
051108,AYACUCHO,VILCAS HUAMAN,VISCHONGO,-13.589167,-73.995278,3150
060101,CAJAMARCA,CAJAMARCA,CAJAMARCA,-7.154722,-78.510833,2731
060102,CAJAMARCA,CAJAMARCA,ASUNCION,-7.324722,-78.518611,2254
060103,CAJAMARCA,CAJAMARCA,CHETILLA,-7.146944,-78.673333,2802
060104,CAJAMARCA,CAJAMARCA,COSPAN,-7.427222,-78.542222,2471
060105,CAJAMARCA,CAJAMARCA,ENCAÑADA,-7.086944,-78.344444,3087
060106,CAJAMARCA,CAJAMARCA,JESUS,-7.248611,-78.379167,2568
060107,CAJAMARCA,CAJAMARCA,LLACANORA,-7.193611,-78.426667,2621
060108,CAJAMARCA,CAJAMARCA,LOS BAÑOS DEL INCA,-7.163611,-78.464444,2685
060109,CAJAMARCA,CAJAMARCA,MAGDALENA,-7.250833,-78.659722,1298
060110,CAJAMARCA,CAJAMARCA,MATARA,-7.254722,-78.259722,2834
060111,CAJAMARCA,CAJAMARCA,NAMORA,-7.202778,-78.324722,2765
060112,CAJAMARCA,CAJAMARCA,SAN JUAN,-7.291667,-78.497500,2336
060201,CAJAMARCA,CAJABAMBA,CAJABAMBA,-7.623056,-78.046111,2687
060202,CAJAMARCA,CAJABAMBA,CACHACHI,-7.448889,-78.268889,3224
060203,CAJAMARCA,CAJABAMBA,CONDEBAMBA,-7.573611,-78.069722,2829
060204,CAJAMARCA,CAJABAMBA,SITACOCHA,-7.519444,-77.969444,3209
060301,CAJAMARCA,CELENDIN,CELENDIN,-6.866944,-78.143056,2629
060302,CAJAMARCA,CELENDIN,CHUMUCH,-6.602778,-78.200278,2202
060303,CAJAMARCA,CELENDIN,CORTEGANA,-6.513056,-78.328889,2352
060304,CAJAMARCA,CELENDIN,HUASMIN,-6.837500,-78.244722,2543
060305,CAJAMARCA,CELENDIN,JORGE CHAVEZ,-6.941111,-78.091667,2646
060306,CAJAMARCA,CELENDIN,JOSE GALVEZ,-6.925556,-78.132778,2618
060307,CAJAMARCA,CELENDIN,MIGUEL IGLESIAS,-6.650278,-78.232500,2813
060308,CAJAMARCA,CELENDIN,OXAMARCA,-7.042222,-78.068333,2836
060309,CAJAMARCA,CELENDIN,SOROCHUCO,-6.911944,-78.255278,2663
060310,CAJAMARCA,CELENDIN,SUCRE,-6.942778,-78.135278,2632
060311,CAJAMARCA,CELENDIN,UTCO,-6.896389,-78.063333,2225
060312,CAJAMARCA,CELENDIN,LA LIBERTAD DE PALLAN,-6.723889,-78.282500,2952
060401,CAJAMARCA,CHOTA,CHOTA,-6.559722,-78.646944,2430
060402,CAJAMARCA,CHOTA,ANGUIA,-6.341944,-78.605278,2620
060403,CAJAMARCA,CHOTA,CHADIN,-6.471389,-78.419444,2429
060404,CAJAMARCA,CHOTA,CHIGUIRIP,-6.428333,-78.721389,2652
060405,CAJAMARCA,CHOTA,CHIMBAN,-6.251667,-78.478889,1668
060406,CAJAMARCA,CHOTA,CHOROPAMPA,-6.371111,-78.411944,2215
060407,CAJAMARCA,CHOTA,COCHABAMBA,-6.473889,-78.885833,1688
060408,CAJAMARCA,CHOTA,CONCHAN,-6.444722,-78.655833,2321
060409,CAJAMARCA,CHOTA,HUAMBOS,-6.452778,-78.961111,2292
060410,CAJAMARCA,CHOTA,LAJAS,-6.560556,-78.734722,2151
060411,CAJAMARCA,CHOTA,LLAMA,-6.514444,-79.120278,2112
060412,CAJAMARCA,CHOTA,MIRACOSTA,-6.404444,-79.283611,2983
060413,CAJAMARCA,CHOTA,PACCHA,-6.497500,-78.423611,2130
060414,CAJAMARCA,CHOTA,PION,-6.177778,-78.482500,1834
060415,CAJAMARCA,CHOTA,QUEROCOTO,-6.359722,-79.034444,2445
060416,CAJAMARCA,CHOTA,SAN JUAN DE LICUPIS,-6.424167,-79.242222,3031
060417,CAJAMARCA,CHOTA,TACABAMBA,-6.392778,-78.611389,2077
060418,CAJAMARCA,CHOTA,TOCMOCHE,-6.412778,-79.360833,1313
060419,CAJAMARCA,CHOTA,CHALAMARCA,-6.503056,-78.479722,2667
060501,CAJAMARCA,CONTUMAZA,CONTUMAZA,-7.366667,-78.805278,2695
060502,CAJAMARCA,CONTUMAZA,CHILETE,-7.221389,-78.839722,883
060503,CAJAMARCA,CONTUMAZA,CUPISNIQUE,-7.348889,-79.029722,1904
060504,CAJAMARCA,CONTUMAZA,GUZMANGO,-7.383889,-78.896111,2568
060505,CAJAMARCA,CONTUMAZA,SAN BENITO,-7.425000,-78.927500,1386
060506,CAJAMARCA,CONTUMAZA,SANTA CRUZ DE TOLEDO,-7.344444,-78.836667,2426
060507,CAJAMARCA,CONTUMAZA,TANTARICA,-7.300556,-78.933056,2780
060508,CAJAMARCA,CONTUMAZA,YONAN,-7.253056,-79.131111,453
060601,CAJAMARCA,CUTERVO,CUTERVO,-6.377222,-78.818056,2665
060602,CAJAMARCA,CUTERVO,CALLAYUC,-6.181111,-78.910556,1558
060603,CAJAMARCA,CUTERVO,CHOROS,-5.900000,-78.693889,474
060604,CAJAMARCA,CUTERVO,CUJILLO,-6.106944,-78.573889,1598
060605,CAJAMARCA,CUTERVO,LA RAMADA,-6.253333,-78.575556,2131
060606,CAJAMARCA,CUTERVO,PIMPINGOS,-6.061944,-78.758611,1757
060607,CAJAMARCA,CUTERVO,QUEROCOTILLO,-6.273611,-79.037778,2003
060608,CAJAMARCA,CUTERVO,SAN ANDRES DE CUTERVO,-6.238889,-78.712778,2090
060609,CAJAMARCA,CUTERVO,SAN JUAN DE CUTERVO,-6.163056,-78.598056,1645
060610,CAJAMARCA,CUTERVO,SAN LUIS DE LUCMA,-6.293889,-78.603611,1916
060611,CAJAMARCA,CUTERVO,SANTA CRUZ,-6.095000,-78.852778,1708
060612,CAJAMARCA,CUTERVO,SANTO DOMINGO DE LA CAPILLA,-6.244722,-78.855278,1761
060613,CAJAMARCA,CUTERVO,SANTO TOMAS,-6.151389,-78.681944,2167
060614,CAJAMARCA,CUTERVO,SOCOTA,-6.315278,-78.699444,1847
060615,CAJAMARCA,CUTERVO,TORIBIO CASANOVA,-6.004167,-78.698333,1464
060701,CAJAMARCA,HUALGAYOC,BAMBAMARCA,-6.679722,-78.518889,2556
060702,CAJAMARCA,HUALGAYOC,CHUGUR,-6.670833,-78.738333,2765
060703,CAJAMARCA,HUALGAYOC,HUALGAYOC,-6.764722,-78.608056,3530
060801,CAJAMARCA,JAEN,JAEN,-5.708889,-78.809167,728
060802,CAJAMARCA,JAEN,BELLAVISTA,-5.667778,-78.677222,438
060803,CAJAMARCA,JAEN,CHONTALI,-5.646111,-79.088333,1636
060804,CAJAMARCA,JAEN,COLASAY,-5.978611,-79.068611,1800
060805,CAJAMARCA,JAEN,HUABAL,-5.612500,-78.899722,1380
060806,CAJAMARCA,JAEN,LAS PIRIAS,-5.627222,-78.852778,1620
060807,CAJAMARCA,JAEN,POMAHUACA,-5.931389,-79.229444,1097
060808,CAJAMARCA,JAEN,PUCARA,-6.041389,-79.128333,909
060809,CAJAMARCA,JAEN,SALLIQUE,-5.658056,-79.315278,1701
060810,CAJAMARCA,JAEN,SAN FELIPE,-5.770278,-79.313889,1861
060811,CAJAMARCA,JAEN,SAN JOSE DEL ALTO,-5.465000,-79.017778,1399
060812,CAJAMARCA,JAEN,SANTA ROSA,-5.434167,-78.566667,1238
060901,CAJAMARCA,SAN IGNACIO,SAN IGNACIO,-5.146111,-79.004722,1295
060902,CAJAMARCA,SAN IGNACIO,CHIRINOS,-5.305833,-78.898333,1850
060903,CAJAMARCA,SAN IGNACIO,HUARANGO,-5.272222,-78.775833,776
060904,CAJAMARCA,SAN IGNACIO,LA COIPA,-5.392778,-78.906389,1507
060905,CAJAMARCA,SAN IGNACIO,NAMBALLE,-5.004167,-79.087222,713
060906,CAJAMARCA,SAN IGNACIO,SAN JOSE DE LOURDES,-5.103056,-78.914167,1134
060907,CAJAMARCA,SAN IGNACIO,TABACONAS,-5.316111,-79.283333,1897
061001,CAJAMARCA,SAN MARCOS,PEDRO GALVEZ,-7.335833,-78.170000,2280
061002,CAJAMARCA,SAN MARCOS,CHANCAY,-7.388056,-78.123333,2699
061003,CAJAMARCA,SAN MARCOS,EDUARDO VILLANUEVA,-7.464444,-78.130000,2026
061004,CAJAMARCA,SAN MARCOS,GREGORIO PITA,-7.273611,-78.160000,2722
061005,CAJAMARCA,SAN MARCOS,ICHOCAN,-7.368889,-78.129722,2616
061006,CAJAMARCA,SAN MARCOS,JOSE MANUEL QUIROZ,-7.349444,-78.047778,2781
061007,CAJAMARCA,SAN MARCOS,JOSE SABOGAL,-7.251111,-78.036667,3331
061101,CAJAMARCA,SAN MIGUEL,SAN MIGUEL,-7.000000,-78.850000,2612
061102,CAJAMARCA,SAN MIGUEL,BOLIVAR,-6.976944,-79.178056,940
061103,CAJAMARCA,SAN MIGUEL,CALQUIS,-6.980278,-78.850000,2877
061104,CAJAMARCA,SAN MIGUEL,CATILLUC,-6.801667,-78.779167,2870
061105,CAJAMARCA,SAN MIGUEL,EL PRADO,-7.033611,-79.010833,2857
061106,CAJAMARCA,SAN MIGUEL,LA FLORIDA,-6.868611,-79.125833,993
061107,CAJAMARCA,SAN MIGUEL,LLAPA,-6.980833,-78.807500,2952
061108,CAJAMARCA,SAN MIGUEL,NANCHOC,-6.959444,-79.242500,402
061109,CAJAMARCA,SAN MIGUEL,NIEPOS,-6.926667,-79.130000,2457
061110,CAJAMARCA,SAN MIGUEL,SAN GREGORIO,-7.056944,-79.095278,1857
061111,CAJAMARCA,SAN MIGUEL,SAN SILVESTRE DE COCHAN,-6.977500,-78.773889,2940
061112,CAJAMARCA,SAN MIGUEL,TONGOD,-6.757500,-78.825000,2628
061113,CAJAMARCA,SAN MIGUEL,UNION AGUA BLANCA,-7.046667,-79.060556,2918
061201,CAJAMARCA,SAN PABLO,SAN PABLO,-7.118611,-78.823333,2391
061202,CAJAMARCA,SAN PABLO,SAN BERNARDINO,-7.168056,-78.829167,1375
061203,CAJAMARCA,SAN PABLO,SAN LUIS,-7.156944,-78.868056,1394
061204,CAJAMARCA,SAN PABLO,TUMBADEN,-7.025278,-78.739722,3041
061301,CAJAMARCA,SANTA CRUZ,SANTA CRUZ,-6.625833,-78.944167,2036
061302,CAJAMARCA,SANTA CRUZ,ANDABAMBA,-6.662778,-78.816944,2550
061303,CAJAMARCA,SANTA CRUZ,CATACHE,-6.673611,-79.032778,1363
061304,CAJAMARCA,SANTA CRUZ,CHANCAYBAÑOS,-6.576111,-78.867500,1641
061305,CAJAMARCA,SANTA CRUZ,LA ESPERANZA,-6.592500,-78.895833,1727
061306,CAJAMARCA,SANTA CRUZ,NINABAMBA,-6.649722,-78.787500,2196
061307,CAJAMARCA,SANTA CRUZ,PULAN,-6.738889,-78.920278,2084
061308,CAJAMARCA,SANTA CRUZ,SAUCEPAMPA,-6.691389,-78.916111,1931
061309,CAJAMARCA,SANTA CRUZ,SEXI,-6.564167,-79.051389,2478
061310,CAJAMARCA,SANTA CRUZ,UTICYACU,-6.606667,-78.793889,2346
061311,CAJAMARCA,SANTA CRUZ,YAUYUCAN,-6.677222,-78.818611,2502
070101,CALLAO,CALLAO,CALLAO,-12.063056,-77.146944,27
070102,CALLAO,CALLAO,BELLAVISTA,-12.062500,-77.129167,13
070103,CALLAO,CALLAO,CARMEN DE LA LEGUA REYNOSO,-12.039444,-77.090278,82
070104,CALLAO,CALLAO,LA PERLA,-12.065833,-77.108056,37
070105,CALLAO,CALLAO,LA PUNTA,-12.072778,-77.163333,29
070106,CALLAO,CALLAO,VENTANILLA,-11.877222,-77.127778,43
070107,CALLAO,CALLAO,MI PERU,-11.855000,-77.125000,118
080101,CUSCO,CUSCO,CUSCO,-13.519167,-71.976667,3439
080102,CUSCO,CUSCO,CCORCA,-13.584722,-72.059167,3675
080103,CUSCO,CUSCO,POROY,-13.494444,-72.044722,3508
080104,CUSCO,CUSCO,SAN JERONIMO,-13.544444,-71.883611,3289
080105,CUSCO,CUSCO,SAN SEBASTIAN,-13.530278,-71.936944,3301
080106,CUSCO,CUSCO,SANTIAGO,-13.525833,-71.983056,3464
080107,CUSCO,CUSCO,SAYLLA,-13.570000,-71.827778,3179
080108,CUSCO,CUSCO,WANCHAQ,-13.521389,-71.966667,3424
080201,CUSCO,ACOMAYO,ACOMAYO,-13.919444,-71.683611,3235
080202,CUSCO,ACOMAYO,ACOPIA,-14.057500,-71.493333,3724
080203,CUSCO,ACOMAYO,ACOS,-13.951111,-71.738056,3106
080204,CUSCO,ACOMAYO,MOSOC LLACTA,-14.120278,-71.473056,3820
080205,CUSCO,ACOMAYO,POMACANCHI,-14.033611,-71.574167,3709
080206,CUSCO,ACOMAYO,RONDOCAN,-13.779444,-71.781944,3394
080207,CUSCO,ACOMAYO,SANGARARA,-13.947222,-71.603333,3788
080301,CUSCO,ANTA,ANTA,-13.457778,-72.147500,3363
080302,CUSCO,ANTA,ANCAHUASI,-13.457222,-72.300833,3479
080303,CUSCO,ANTA,CACHIMAYO,-13.477778,-72.068889,3454
080304,CUSCO,ANTA,CHINCHAYPUJIO,-13.629722,-72.233056,3106
080305,CUSCO,ANTA,HUAROCONDO,-13.415833,-72.207500,3353
080306,CUSCO,ANTA,LIMATAMBO,-13.479722,-72.442778,2633
080307,CUSCO,ANTA,MOLLEPATA,-13.509167,-72.527778,2864
080308,CUSCO,ANTA,PUCYURA,-13.478889,-72.111111,3384
080309,CUSCO,ANTA,ZURITE,-13.455833,-72.255833,3424
080401,CUSCO,CALCA,CALCA,-13.321111,-71.955556,2955
080402,CUSCO,CALCA,COYA,-13.386389,-71.898333,2970
080403,CUSCO,CALCA,LAMAY,-13.364444,-71.920833,2960
080404,CUSCO,CALCA,LARES,-13.104167,-72.044722,3193
080405,CUSCO,CALCA,PISAC,-13.420556,-71.850556,2986
080406,CUSCO,CALCA,SAN SALVADOR,-13.491944,-71.778611,3012
080407,CUSCO,CALCA,TARAY,-13.427778,-71.866944,2991
080408,CUSCO,CALCA,YANATILE,-12.681667,-72.277222,1148
080501,CUSCO,CANAS,YANAOCA,-14.216667,-71.432222,3925
080502,CUSCO,CANAS,CHECCA,-14.473333,-71.394722,3834
080503,CUSCO,CANAS,KUNTURKANKI,-14.534722,-71.306944,3961
080504,CUSCO,CANAS,LANGUI,-14.432222,-71.272778,3967
080505,CUSCO,CANAS,LAYO,-14.494167,-71.155556,3997
080506,CUSCO,CANAS,PAMPAMARCA,-14.147500,-71.460278,3820
080507,CUSCO,CANAS,QUEHUE,-14.380278,-71.455556,3794
080508,CUSCO,CANAS,TUPAC AMARU,-14.163889,-71.476111,3809
080601,CUSCO,CANCHIS,SICUANI,-14.238056,-71.230833,3593
080602,CUSCO,CANCHIS,CHECACUPE,-14.025278,-71.453889,3459
080603,CUSCO,CANCHIS,COMBAPATA,-14.101944,-71.430000,3500
080604,CUSCO,CANCHIS,MARANGANI,-14.356667,-71.168611,3720
080605,CUSCO,CANCHIS,PITUMARCA,-13.980278,-71.417500,3587
080606,CUSCO,CANCHIS,SAN PABLO,-14.202222,-71.315000,3501
080607,CUSCO,CANCHIS,SAN PEDRO,-14.186111,-71.343056,3515
080608,CUSCO,CANCHIS,TINTA,-14.145278,-71.407222,3496
080701,CUSCO,CHUMBIVILCAS,SANTO TOMAS,-14.453333,-72.082222,3676
080702,CUSCO,CHUMBIVILCAS,CAPACMARCA,-14.007222,-72.002500,3563
080703,CUSCO,CHUMBIVILCAS,CHAMACA,-14.302500,-71.852222,3779
080704,CUSCO,CHUMBIVILCAS,COLQUEMARCA,-14.285278,-72.040000,3606
080705,CUSCO,CHUMBIVILCAS,LIVITACA,-14.312778,-71.689722,3774
080706,CUSCO,CHUMBIVILCAS,LLUSCO,-14.337500,-72.113611,3522
080707,CUSCO,CHUMBIVILCAS,QUIÑOTA,-14.311111,-72.138611,3607
080708,CUSCO,CHUMBIVILCAS,VELILLE,-14.508611,-71.881111,3766
080801,CUSCO,ESPINAR,ESPINAR,-14.793056,-71.413333,3976
080802,CUSCO,ESPINAR,CONDOROMA,-15.300556,-71.138333,4679
080803,CUSCO,ESPINAR,COPORAQUE,-14.800278,-71.531667,3970
080804,CUSCO,ESPINAR,OCORURO,-15.051944,-71.129167,4104
080805,CUSCO,ESPINAR,PALLPATA,-14.890278,-71.210000,4027
080806,CUSCO,ESPINAR,PICHIGUA,-14.678056,-71.406389,3902
080807,CUSCO,ESPINAR,SUYCKUTAMBO,-15.008611,-71.643333,4124
080808,CUSCO,ESPINAR,ALTO PICHIGUA,-14.776944,-71.250833,3999
080901,CUSCO,LA CONVENCION,SANTA ANA,-12.862778,-72.693333,1086
080902,CUSCO,LA CONVENCION,ECHARATE,-12.768056,-72.576111,1059
080903,CUSCO,LA CONVENCION,HUAYOPATA,-13.004722,-72.554444,1597
080904,CUSCO,LA CONVENCION,MARANURA,-12.962778,-72.664722,1141
080905,CUSCO,LA CONVENCION,OCOBAMBA,-12.871667,-72.447222,1479
080906,CUSCO,LA CONVENCION,QUELLOUNO,-12.636667,-72.557222,784
080907,CUSCO,LA CONVENCION,QUIMBIRI,-12.620000,-73.789167,590
080908,CUSCO,LA CONVENCION,SANTA TERESA,-13.130556,-72.593889,1572
080909,CUSCO,LA CONVENCION,VILCABAMBA,-13.063056,-72.934444,2656
080910,CUSCO,LA CONVENCION,PICHARI,-12.519444,-73.829167,596
080911,CUSCO,LA CONVENCION,INKAWASI,-13.290000,-73.265556,1771
080912,CUSCO,LA CONVENCION,VILLA VIRGEN,-13.002778,-73.512778,742
080913,CUSCO,LA CONVENCION,VILLA KINTIARINA,-12.918889,-73.528333,704
080914,CUSCO,LA CONVENCION,MEGANTONI,-11.720278,-72.946389,355
080915,CUSCO,LA CONVENCION,KUMPIRUSHIATO,,,
080916,CUSCO,LA CONVENCION,CIELO PUNCO,,,
080917,CUSCO,LA CONVENCION,MANITEA,,,
080918,CUSCO,LA CONVENCION,UNION ASHÁNINKA,,,
081001,CUSCO,PARURO,PARURO,-13.761667,-71.847778,3086
081002,CUSCO,PARURO,ACCHA,-13.971111,-71.831389,3601
081003,CUSCO,PARURO,CCAPI,-13.853056,-72.082500,3227
081004,CUSCO,PARURO,COLCHA,-13.851944,-71.803333,2827
081005,CUSCO,PARURO,HUANOQUITE,-13.681944,-72.018056,3391
081006,CUSCO,PARURO,OMACHA,-14.069444,-71.738056,3887
081007,CUSCO,PARURO,PACCARITAMBO,-13.756389,-71.956667,3602
081008,CUSCO,PARURO,PILLPINTO,-13.953611,-71.760556,2869
081009,CUSCO,PARURO,YAURISQUE,-13.665278,-71.920556,3324
081101,CUSCO,PAUCARTAMBO,PAUCARTAMBO,-13.317778,-71.596667,2917
081102,CUSCO,PAUCARTAMBO,CAICAY,-13.597222,-71.696667,3128
081103,CUSCO,PAUCARTAMBO,CHALLABAMBA,-13.215000,-71.648611,2845
081104,CUSCO,PAUCARTAMBO,COLQUEPATA,-13.360278,-71.673611,3690
081105,CUSCO,PAUCARTAMBO,HUANCARANI,-13.503333,-71.654444,3871
081106,CUSCO,PAUCARTAMBO,KOSÑIPATA,-12.909444,-71.403333,544
081201,CUSCO,QUISPICANCHI,URCOS,-13.687778,-71.625278,3179
081202,CUSCO,QUISPICANCHI,ANDAHUAYLILLAS,-13.673333,-71.677778,3139
081203,CUSCO,QUISPICANCHI,CAMANTI,-13.231389,-70.754444,647
081204,CUSCO,QUISPICANCHI,CCARHUAYO,-13.595278,-71.399722,3481
081205,CUSCO,QUISPICANCHI,CCATCA,-13.605278,-71.563611,3714
081206,CUSCO,QUISPICANCHI,CUSIPATA,-13.906944,-71.502500,3332
081207,CUSCO,QUISPICANCHI,HUARO,-13.690278,-71.640278,3168
081208,CUSCO,QUISPICANCHI,LUCRE,-13.633889,-71.736667,3117
081209,CUSCO,QUISPICANCHI,MARCAPATA,-13.591667,-70.975000,3111
081210,CUSCO,QUISPICANCHI,OCONGATE,-13.626667,-71.388333,3549
081211,CUSCO,QUISPICANCHI,OROPESA,-13.594444,-71.763056,3139
081212,CUSCO,QUISPICANCHI,QUIQUIJANA,-13.822500,-71.542500,3211
081301,CUSCO,URUBAMBA,URUBAMBA,-13.305556,-72.116111,2885
081302,CUSCO,URUBAMBA,CHINCHERO,-13.391944,-72.048889,3759
081303,CUSCO,URUBAMBA,HUAYLLABAMBA,-13.338056,-72.065000,2890
081304,CUSCO,URUBAMBA,MACHUPICCHU,-13.154167,-72.525556,2092
081305,CUSCO,URUBAMBA,MARAS,-13.332500,-72.156389,3381
081306,CUSCO,URUBAMBA,OLLANTAYTAMBO,-13.258889,-72.263333,2871
081307,CUSCO,URUBAMBA,YUCAY,-13.321667,-72.083889,2878
090101,HUANCAVELICA,HUANCAVELICA,HUANCAVELICA,-12.786944,-74.971389,3746
090102,HUANCAVELICA,HUANCAVELICA,ACOBAMBILLA,-12.664444,-75.324167,3839
090103,HUANCAVELICA,HUANCAVELICA,ACORIA,-12.642500,-74.861667,3207
090104,HUANCAVELICA,HUANCAVELICA,CONAYCA,-12.520000,-75.006667,3709
090105,HUANCAVELICA,HUANCAVELICA,CUENCA,-12.433056,-75.038889,3186
090106,HUANCAVELICA,HUANCAVELICA,HUACHOCOLPA,-13.031944,-74.946944,4020
090107,HUANCAVELICA,HUANCAVELICA,HUAYLLAHUARA,-12.409167,-75.178333,3901
090108,HUANCAVELICA,HUANCAVELICA,IZCUCHACA,-12.500000,-74.997778,2930
090109,HUANCAVELICA,HUANCAVELICA,LARIA,-12.561111,-75.036944,3893
090110,HUANCAVELICA,HUANCAVELICA,MANTA,-12.620556,-75.211111,3735
090111,HUANCAVELICA,HUANCAVELICA,MARISCAL CACERES,-12.534444,-74.932500,2852
090112,HUANCAVELICA,HUANCAVELICA,MOYA,-12.423333,-75.153889,3148
090113,HUANCAVELICA,HUANCAVELICA,NUEVO OCCORO,-12.595000,-75.019722,3939
090114,HUANCAVELICA,HUANCAVELICA,PALCA,-12.656944,-74.980278,3714
090115,HUANCAVELICA,HUANCAVELICA,PILCHACA,-12.401389,-75.083889,3604
090116,HUANCAVELICA,HUANCAVELICA,VILCA,-12.477222,-75.183333,3280
090117,HUANCAVELICA,HUANCAVELICA,YAULI,-12.769167,-74.850833,3424
090118,HUANCAVELICA,HUANCAVELICA,ASCENSION,-12.785278,-74.976944,3711
090119,HUANCAVELICA,HUANCAVELICA,HUANDO,-12.564167,-74.947778,3610
090201,HUANCAVELICA,ACOBAMBA,ACOBAMBA,-12.843056,-74.569167,3449
090202,HUANCAVELICA,ACOBAMBA,ANDABAMBA,-12.693611,-74.623333,3499
090203,HUANCAVELICA,ACOBAMBA,ANTA,-12.812222,-74.638333,3618
090204,HUANCAVELICA,ACOBAMBA,CAJA,-12.917222,-74.465833,3383
090205,HUANCAVELICA,ACOBAMBA,MARCAS,-12.890278,-74.398056,3411
090206,HUANCAVELICA,ACOBAMBA,PAUCARA,-12.729722,-74.666389,3833
090207,HUANCAVELICA,ACOBAMBA,POMACOCHA,-12.873889,-74.531667,3156
090208,HUANCAVELICA,ACOBAMBA,ROSARIO,-12.720833,-74.582500,3687
090301,HUANCAVELICA,ANGARAES,LIRCAY,-12.982778,-74.718333,3345
090302,HUANCAVELICA,ANGARAES,ANCHONGA,-12.913056,-74.691389,3310
090303,HUANCAVELICA,ANGARAES,CALLANMARCA,-12.866667,-74.623333,3553
090304,HUANCAVELICA,ANGARAES,CCOCHACCASA,-12.925278,-74.770278,4190
090305,HUANCAVELICA,ANGARAES,CHINCHO,-12.972778,-74.367222,3141
090306,HUANCAVELICA,ANGARAES,CONGALLA,-12.955833,-74.492222,3537
090307,HUANCAVELICA,ANGARAES,HUANCA-HUANCA,-12.918611,-74.610000,3590
090308,HUANCAVELICA,ANGARAES,HUAYLLAY GRANDE,-12.942778,-74.701667,3622
090309,HUANCAVELICA,ANGARAES,JULCAMARCA,-13.014722,-74.444444,3431
090310,HUANCAVELICA,ANGARAES,SAN ANTONIO DE ANTAPARCO,-13.076111,-74.411667,2767
090311,HUANCAVELICA,ANGARAES,SANTO TOMAS DE PATA,-13.113056,-74.418889,3150
090312,HUANCAVELICA,ANGARAES,SECCLLA,-13.051111,-74.483611,3363
090401,HUANCAVELICA,CASTROVIRREYNA,CASTROVIRREYNA,-13.283333,-75.318333,3989
090402,HUANCAVELICA,CASTROVIRREYNA,ARMA,-13.126389,-75.541944,3361
090403,HUANCAVELICA,CASTROVIRREYNA,AURAHUA,-13.034722,-75.570278,3483
090404,HUANCAVELICA,CASTROVIRREYNA,CAPILLAS,-13.293056,-75.542500,3224
090405,HUANCAVELICA,CASTROVIRREYNA,CHUPAMARCA,-13.037222,-75.608333,3433
090406,HUANCAVELICA,CASTROVIRREYNA,COCAS,-13.275833,-75.372778,3253
090407,HUANCAVELICA,CASTROVIRREYNA,HUACHOS,-13.219722,-75.533889,2784
090408,HUANCAVELICA,CASTROVIRREYNA,HUAMATAMBO,-13.094444,-75.677222,3058
090409,HUANCAVELICA,CASTROVIRREYNA,MOLLEPAMPA,-13.311389,-75.410000,2500
090410,HUANCAVELICA,CASTROVIRREYNA,SAN JUAN,-13.203889,-75.634444,1936
090411,HUANCAVELICA,CASTROVIRREYNA,SANTA ANA,-13.071944,-75.140278,4518
090412,HUANCAVELICA,CASTROVIRREYNA,TANTARA,-13.074167,-75.644722,2899
090413,HUANCAVELICA,CASTROVIRREYNA,TICRAPO,-13.382500,-75.432500,2140
090501,HUANCAVELICA,CHURCAMPA,CHURCAMPA,-12.739167,-74.387222,3295
090502,HUANCAVELICA,CHURCAMPA,ANCO,-12.682500,-74.587222,2463
090503,HUANCAVELICA,CHURCAMPA,CHINCHIHUASI,-12.516944,-74.545833,2803
090504,HUANCAVELICA,CHURCAMPA,EL CARMEN,-12.726944,-74.480833,3152
090505,HUANCAVELICA,CHURCAMPA,LA MERCED,-12.788056,-74.358611,2683
090506,HUANCAVELICA,CHURCAMPA,LOCROJA,-12.740278,-74.441944,3417
090507,HUANCAVELICA,CHURCAMPA,PAUCARBAMBA,-12.553889,-74.531944,3382
090508,HUANCAVELICA,CHURCAMPA,SAN MIGUEL DE MAYOCC,-12.805833,-74.390000,2228
090509,HUANCAVELICA,CHURCAMPA,SAN PEDRO DE CORIS,-12.578056,-74.411667,3580
090510,HUANCAVELICA,CHURCAMPA,PACHAMARCA,-12.515556,-74.526667,2792
090511,HUANCAVELICA,CHURCAMPA,COSME,-12.573333,-74.658333,3486
090601,HUANCAVELICA,HUAYTARA,HUAYTARA,-13.604722,-75.353056,2732
090602,HUANCAVELICA,HUAYTARA,AYAVI,-13.703056,-75.351111,3815
090603,HUANCAVELICA,HUAYTARA,CORDOVA,-14.040833,-75.185000,3242
090604,HUANCAVELICA,HUAYTARA,HUAYACUNDO ARMA,-13.534167,-75.314444,3116
090605,HUANCAVELICA,HUAYTARA,LARAMARCA,-13.948611,-75.035556,3407
090606,HUANCAVELICA,HUAYTARA,OCOYO,-14.008056,-75.022500,1933
090607,HUANCAVELICA,HUAYTARA,PILPICHACA,-13.330278,-74.977222,4090
090608,HUANCAVELICA,HUAYTARA,QUERCO,-13.979444,-74.976944,2903
090609,HUANCAVELICA,HUAYTARA,QUITO-ARMA,-13.528611,-75.327500,2944
090610,HUANCAVELICA,HUAYTARA,SAN ANTONIO DE CUSICANCHA,-13.502500,-75.293333,3291
090611,HUANCAVELICA,HUAYTARA,SAN FRANCISCO DE SANGAYAICO,-13.795278,-75.249167,3420
090612,HUANCAVELICA,HUAYTARA,SAN ISIDRO,-13.956389,-75.238056,3656
090613,HUANCAVELICA,HUAYTARA,SANTIAGO DE CHOCORVOS,-13.825278,-75.257500,2638
090614,HUANCAVELICA,HUAYTARA,SANTIAGO DE QUIRAHUARA,-14.056111,-74.976389,2801
090615,HUANCAVELICA,HUAYTARA,SANTO DOMINGO DE CAPILLAS,-13.737222,-75.243611,3482
090616,HUANCAVELICA,HUAYTARA,TAMBO,-13.689444,-75.275000,3201
090701,HUANCAVELICA,TAYACAJA,PAMPAS,-12.399167,-74.868333,3282
090702,HUANCAVELICA,TAYACAJA,ACOSTAMBO,-12.365556,-75.055000,3628
090703,HUANCAVELICA,TAYACAJA,ACRAQUIA,-12.406389,-74.901111,3281
090704,HUANCAVELICA,TAYACAJA,AHUAYCHA,-12.407778,-74.891111,3279
090705,HUANCAVELICA,TAYACAJA,COLCABAMBA,-12.409167,-74.679444,2953
090706,HUANCAVELICA,TAYACAJA,DANIEL HERNANDEZ,-12.389444,-74.859167,3288
090707,HUANCAVELICA,TAYACAJA,HUACHOCOLPA,-12.048333,-74.594722,2913
090709,HUANCAVELICA,TAYACAJA,HUARIBAMBA,-12.279722,-74.938333,3019
090710,HUANCAVELICA,TAYACAJA,ÑAHUIMPUQUIO,-12.329167,-75.069444,3651
090711,HUANCAVELICA,TAYACAJA,PAZOS,-12.259444,-75.070556,3820
090713,HUANCAVELICA,TAYACAJA,QUISHUAR,-12.243611,-74.777222,3137
090714,HUANCAVELICA,TAYACAJA,SALCABAMBA,-12.201667,-74.780556,3063
090715,HUANCAVELICA,TAYACAJA,SALCAHUASI,-12.104167,-74.751667,3196
090716,HUANCAVELICA,TAYACAJA,SAN MARCOS DE ROCCHAC,-12.093889,-74.863889,3206
090717,HUANCAVELICA,TAYACAJA,SURCUBAMBA,-12.116389,-74.630556,2626
090718,HUANCAVELICA,TAYACAJA,TINTAY PUNCU,-12.151944,-74.544444,2410
090719,HUANCAVELICA,TAYACAJA,QUICHUAS,-12.472500,-74.767500,2706
090720,HUANCAVELICA,TAYACAJA,ANDAYMARCA,-12.315278,-74.635278,2896
090721,HUANCAVELICA,TAYACAJA,ROBLE,-12.216667,-74.489722,2640
090722,HUANCAVELICA,TAYACAJA,PICHOS,-12.236389,-74.938611,3297
090723,HUANCAVELICA,TAYACAJA,SANTIAGO DE TUCUMA,-12.314167,-74.890000,3538
090724,HUANCAVELICA,TAYACAJA,LAMBRAS,,,
090725,HUANCAVELICA,TAYACAJA,COCHABAMBA,,,
100101,HUANUCO,HUANUCO,HUANUCO,-9.930000,-76.239722,1921
100102,HUANUCO,HUANUCO,AMARILIS,-9.940000,-76.240556,1950
100103,HUANUCO,HUANUCO,CHINCHAO,-9.801667,-76.070833,2122
100104,HUANUCO,HUANUCO,CHURUBAMBA,-9.826111,-76.133889,1954
100105,HUANUCO,HUANUCO,MARGOS,-10.005278,-76.523333,3555
100106,HUANUCO,HUANUCO,QUISQUI,-9.904722,-76.392500,2427
100107,HUANUCO,HUANUCO,SAN FRANCISCO DE CAYRAN,-9.980833,-76.284167,2247
100108,HUANUCO,HUANUCO,SAN PEDRO DE CHAULAN,-10.056389,-76.485556,3587
100109,HUANUCO,HUANUCO,SANTA MARIA DEL VALLE,-9.862500,-76.170000,1939
100110,HUANUCO,HUANUCO,YARUMAYO,-10.004444,-76.468611,3055
100111,HUANUCO,HUANUCO,PILLCO MARCA,-9.960833,-76.249167,1996
100112,HUANUCO,HUANUCO,YACUS,-9.986111,-76.505833,3243
100113,HUANUCO,HUANUCO,SAN PABLO DE PILLAO,-9.786389,-75.999444,2954
100201,HUANUCO,AMBO,AMBO,-10.129167,-76.204444,2106
100202,HUANUCO,AMBO,CAYNA,-10.272500,-76.388333,3332
100203,HUANUCO,AMBO,COLPAS,-10.268333,-76.415278,2740
100204,HUANUCO,AMBO,CONCHAMARCA,-10.035833,-76.216944,2185
100205,HUANUCO,AMBO,HUACAR,-10.159444,-76.236667,2157
100206,HUANUCO,AMBO,SAN FRANCISCO,-10.342778,-76.291944,3521
100207,HUANUCO,AMBO,SAN RAFAEL,-10.337778,-76.182222,2720
100208,HUANUCO,AMBO,TOMAY KICHWA,-10.077500,-76.212500,2049
100301,HUANUCO,DOS DE MAYO,LA UNION,-9.837778,-76.803611,3275
100307,HUANUCO,DOS DE MAYO,CHUQUIS,-9.676389,-76.705278,3375
100311,HUANUCO,DOS DE MAYO,MARIAS,-9.607500,-76.706667,3508
100313,HUANUCO,DOS DE MAYO,PACHAS,-9.706667,-76.771111,3474
100316,HUANUCO,DOS DE MAYO,QUIVILLA,-9.600000,-76.725833,2972
100317,HUANUCO,DOS DE MAYO,RIPAN,-9.828611,-76.803056,3233
100321,HUANUCO,DOS DE MAYO,SHUNQUI,-9.731111,-76.783333,3542
100322,HUANUCO,DOS DE MAYO,SILLAPATA,-9.757222,-76.774722,3459
100323,HUANUCO,DOS DE MAYO,YANAS,-9.714444,-76.750278,3477
100401,HUANUCO,HUACAYBAMBA,HUACAYBAMBA,-9.038056,-76.952500,3176
100402,HUANUCO,HUACAYBAMBA,CANCHABAMBA,-8.884722,-77.123056,3208
100403,HUANUCO,HUACAYBAMBA,COCHABAMBA,-9.095278,-76.836389,3293
100404,HUANUCO,HUACAYBAMBA,PINRA,-8.924722,-77.015000,2874
100501,HUANUCO,HUAMALIES,LLATA,-9.549722,-76.818611,3489
100502,HUANUCO,HUAMALIES,ARANCAY,-9.171389,-76.751389,3066
100503,HUANUCO,HUAMALIES,CHAVIN DE PARIARCA,-9.423056,-76.771389,3382
100504,HUANUCO,HUAMALIES,JACAS GRANDE,-9.540000,-76.736667,3625
100505,HUANUCO,HUAMALIES,JIRCAN,-9.246944,-76.719167,3211
100506,HUANUCO,HUAMALIES,MIRAFLORES,-9.493889,-76.818611,3688
100507,HUANUCO,HUAMALIES,MONZON,-9.280000,-76.396667,982
100508,HUANUCO,HUAMALIES,PUNCHAO,-9.462222,-76.819722,3560
100509,HUANUCO,HUAMALIES,PUÑOS,-9.500556,-76.883889,3749
100510,HUANUCO,HUAMALIES,SINGA,-9.388611,-76.812500,3649
100511,HUANUCO,HUAMALIES,TANTAMAYO,-9.392500,-76.720000,3517
100601,HUANUCO,LEONCIO PRADO,RUPA-RUPA,-9.298056,-76.000556,667
100602,HUANUCO,LEONCIO PRADO,DANIEL ALOMIAS ROBLES,-9.187778,-75.954722,669
100603,HUANUCO,LEONCIO PRADO,HERMILIO VALDIZAN,-9.205556,-75.835833,1354
100604,HUANUCO,LEONCIO PRADO,JOSE CRESPO Y CASTILLO,-8.932222,-76.116111,587
100605,HUANUCO,LEONCIO PRADO,LUYANDO,-9.248056,-75.994167,642
100606,HUANUCO,LEONCIO PRADO,MARIANO DAMASO BERAUN,-9.442778,-75.971111,736
100607,HUANUCO,LEONCIO PRADO,PUCAYACU,-8.749722,-76.121111,573
100608,HUANUCO,LEONCIO PRADO,CASTILLO GRANDE,-9.279722,-76.008889,675
100609,HUANUCO,LEONCIO PRADO,PUEBLO NUEVO,-9.078611,-76.060556,626
100610,HUANUCO,LEONCIO PRADO,SANTO DOMINGO DE ANDA,-9.023611,-76.066667,617
100701,HUANUCO,MARAÑON,HUACRACHUCO,-8.604722,-77.149167,2914
100702,HUANUCO,MARAÑON,CHOLON,-8.655833,-76.875278,2447
100703,HUANUCO,MARAÑON,SAN BUENAVENTURA,-8.767778,-77.186111,3211
100704,HUANUCO,MARAÑON,LA MORADA,-8.794444,-76.249722,559
100705,HUANUCO,MARAÑON,SANTA ROSA DE ALTO YANAJANCA,-8.652778,-76.314722,530
100801,HUANUCO,PACHITEA,PANAO,-9.897500,-75.994167,2536
100802,HUANUCO,PACHITEA,CHAGLLA,-9.844722,-75.902778,3040
100803,HUANUCO,PACHITEA,MOLINO,-9.910833,-76.016667,2396
100804,HUANUCO,PACHITEA,UMARI,-9.864167,-76.044444,2524
100901,HUANUCO,PUERTO INCA,PUERTO INCA,-9.378889,-74.965833,215
100902,HUANUCO,PUERTO INCA,CODO DEL POZUZO,-9.670000,-75.462500,398
100903,HUANUCO,PUERTO INCA,HONORIA,-8.769444,-74.709167,177
100904,HUANUCO,PUERTO INCA,TOURNAVISTA,-8.934444,-74.701389,214
100905,HUANUCO,PUERTO INCA,YUYAPICHIS,-9.628333,-74.974722,227
101001,HUANUCO,LAURICOCHA,JESUS,-10.078333,-76.631389,3499
101002,HUANUCO,LAURICOCHA,BAÑOS,-10.076389,-76.735556,3442
101003,HUANUCO,LAURICOCHA,JIVIA,-10.023333,-76.680278,3394
101004,HUANUCO,LAURICOCHA,QUEROPALCA,-10.181389,-76.803056,3835
101005,HUANUCO,LAURICOCHA,RONDOS,-9.984444,-76.688333,3617
101006,HUANUCO,LAURICOCHA,SAN FRANCISCO DE ASIS,-9.976389,-76.676944,3457
101007,HUANUCO,LAURICOCHA,SAN MIGUEL DE CAURI,-10.142500,-76.625556,3625
101101,HUANUCO,YAROWILCA,CHAVINILLO,-9.858889,-76.608889,3475
101102,HUANUCO,YAROWILCA,CAHUAC,-9.852778,-76.630556,3413
101103,HUANUCO,YAROWILCA,CHACABAMBA,-9.900278,-76.611111,3204
101104,HUANUCO,YAROWILCA,APARICIO POMARES,-9.747778,-76.648056,3452
101105,HUANUCO,YAROWILCA,JACAS CHICO,-9.886389,-76.503056,3816
101106,HUANUCO,YAROWILCA,OBAS,-9.795278,-76.665833,3543
101107,HUANUCO,YAROWILCA,PAMPAMARCA,-9.705278,-76.702500,3436
101108,HUANUCO,YAROWILCA,CHORAS,-9.910278,-76.605833,3554
110101,ICA,ICA,ICA,-14.063611,-75.729167,432
110102,ICA,ICA,LA TINGUIÑA,-14.033333,-75.710556,463
110103,ICA,ICA,LOS AQUIJES,-14.096389,-75.690556,446
110104,ICA,ICA,OCUCAJE,-14.346667,-75.672222,332
110105,ICA,ICA,PACHACUTEC,-14.151944,-75.691944,424
110106,ICA,ICA,PARCONA,-14.053889,-75.685556,472
110107,ICA,ICA,PUEBLO NUEVO,-14.127222,-75.705833,417
110108,ICA,ICA,SALAS,-13.985833,-75.772222,452
110109,ICA,ICA,SAN JOSE DE LOS MOLINOS,-13.933056,-75.670833,542
110110,ICA,ICA,SAN JUAN BAUTISTA,-14.011389,-75.735278,459
110111,ICA,ICA,SANTIAGO,-14.185833,-75.714444,395
110112,ICA,ICA,SUBTANJALLA,-14.018611,-75.758056,445
110113,ICA,ICA,TATE,-14.155833,-75.708056,417
110114,ICA,ICA,YAUCA DEL ROSARIO,-14.098889,-75.476944,861
110201,ICA,CHINCHA,CHINCHA ALTA,-13.418333,-76.132500,140
110202,ICA,CHINCHA,ALTO LARAN,-13.442500,-76.083333,156
110203,ICA,CHINCHA,CHAVIN,-13.076389,-75.913056,3183
110204,ICA,CHINCHA,CHINCHA BAJA,-13.459444,-76.165556,44
110205,ICA,CHINCHA,EL CARMEN,-13.499444,-76.057778,160
110206,ICA,CHINCHA,GROCIO PRADO,-13.398056,-76.156111,134
110207,ICA,CHINCHA,PUEBLO NUEVO,-13.404167,-76.127500,146
110208,ICA,CHINCHA,SAN JUAN DE YANAC,-13.211111,-75.787222,2555
110209,ICA,CHINCHA,SAN PEDRO DE HUACARPANA,-13.049167,-75.647778,3812
110210,ICA,CHINCHA,SUNAMPE,-13.427500,-76.163611,94
110211,ICA,CHINCHA,TAMBO DE MORA,-13.460556,-76.176667,37
110301,ICA,NAZCA,NAZCA,-14.826944,-74.937222,618
110302,ICA,NAZCA,CHANGUILLO,-14.664722,-75.222500,260
110303,ICA,NAZCA,EL INGENIO,-14.645278,-75.058333,463
110304,ICA,NAZCA,MARCONA,-15.361944,-75.165833,36
110305,ICA,NAZCA,VISTA ALEGRE,-14.845833,-74.943889,618
110401,ICA,PALPA,PALPA,-14.533889,-75.185000,371
110402,ICA,PALPA,LLIPATA,-14.563333,-75.207500,317
110403,ICA,PALPA,RIO GRANDE,-14.520000,-75.201111,369
110404,ICA,PALPA,SANTA CRUZ,-14.483333,-75.245556,546
110405,ICA,PALPA,TIBILLO,-14.093889,-75.171667,2192
110501,ICA,PISCO,PISCO,-13.710000,-76.201667,39
110502,ICA,PISCO,HUANCANO,-13.600833,-75.618611,1039
110503,ICA,PISCO,HUMAY,-13.722778,-75.886667,426
110504,ICA,PISCO,INDEPENDENCIA,-13.693889,-76.024722,235
110505,ICA,PISCO,PARACAS,-13.838889,-76.251944,14
110506,ICA,PISCO,SAN ANDRES,-13.731389,-76.223333,16
110507,ICA,PISCO,SAN CLEMENTE,-13.680278,-76.156944,116
110508,ICA,PISCO,TUPAC AMARU INCA,-13.713333,-76.148333,113
120101,JUNIN,HUANCAYO,HUANCAYO,-12.070833,-75.208889,3294
120104,JUNIN,HUANCAYO,CARHUACALLANGA,-12.355000,-75.200556,3774
120105,JUNIN,HUANCAYO,CHACAPAMPA,-12.345000,-75.247500,3413
120106,JUNIN,HUANCAYO,CHICCHE,-12.296111,-75.298611,3606
120107,JUNIN,HUANCAYO,CHILCA,-12.086667,-75.208333,3273
120108,JUNIN,HUANCAYO,CHONGOS ALTO,-12.311667,-75.289167,3573
120111,JUNIN,HUANCAYO,CHUPURO,-12.155556,-75.245556,3197
120112,JUNIN,HUANCAYO,COLCA,-12.317500,-75.222222,3499
120113,JUNIN,HUANCAYO,CULLHUAS,-12.220556,-75.166944,3549
120114,JUNIN,HUANCAYO,EL TAMBO,-12.050278,-75.221389,3305
120116,JUNIN,HUANCAYO,HUACRAPUQUIO,-12.171111,-75.220833,3238
120117,JUNIN,HUANCAYO,HUALHUAS,-11.971389,-75.250833,3267
120119,JUNIN,HUANCAYO,HUANCAN,-12.106667,-75.216667,3252
120120,JUNIN,HUANCAYO,HUASICANCHA,-12.332222,-75.281944,3755
120121,JUNIN,HUANCAYO,HUAYUCACHI,-12.138611,-75.223611,3251
120122,JUNIN,HUANCAYO,INGENIO,-11.890556,-75.266389,3486
120124,JUNIN,HUANCAYO,PARIAHUANCA,-11.980278,-74.896667,2591
120125,JUNIN,HUANCAYO,PILCOMAYO,-12.049444,-75.250556,3244
120126,JUNIN,HUANCAYO,PUCARA,-12.172500,-75.145556,3374
120127,JUNIN,HUANCAYO,QUICHUAY,-11.889722,-75.286111,3430
120128,JUNIN,HUANCAYO,QUILCAS,-11.938056,-75.259722,3323
120129,JUNIN,HUANCAYO,SAN AGUSTIN,-11.989722,-75.244167,3297
120130,JUNIN,HUANCAYO,SAN JERONIMO DE TUNAN,-11.949167,-75.282222,3301
120132,JUNIN,HUANCAYO,SAÑO,-11.958889,-75.258611,3297
120133,JUNIN,HUANCAYO,SAPALLANGA,-12.141389,-75.158056,3330
120134,JUNIN,HUANCAYO,SICAYA,-12.014722,-75.280000,3305
120135,JUNIN,HUANCAYO,SANTO DOMINGO DE ACOBAMBA,-11.768889,-74.795278,2221
120136,JUNIN,HUANCAYO,VIQUES,-12.159722,-75.231944,3200
120201,JUNIN,CONCEPCION,CONCEPCION,-11.918889,-75.312500,3303
120202,JUNIN,CONCEPCION,ACO,-11.958056,-75.368333,3474
120203,JUNIN,CONCEPCION,ANDAMARCA,-11.728333,-74.801667,2508
120204,JUNIN,CONCEPCION,CHAMBARA,-12.027222,-75.375278,3521
120205,JUNIN,CONCEPCION,COCHAS,-11.660000,-75.102222,3231
120206,JUNIN,CONCEPCION,COMAS,-11.717778,-75.081667,3303
120207,JUNIN,CONCEPCION,HEROINAS TOLEDO,-11.835556,-75.290833,3764
120208,JUNIN,CONCEPCION,MANZANARES,-12.016111,-75.345833,3381
120209,JUNIN,CONCEPCION,MARISCAL CASTILLA,-11.619167,-75.090000,2513
120210,JUNIN,CONCEPCION,MATAHUASI,-11.893889,-75.344167,3302
120211,JUNIN,CONCEPCION,MITO,-11.937222,-75.339167,3296
120212,JUNIN,CONCEPCION,NUEVE DE JULIO,-11.897778,-75.318056,3339
120213,JUNIN,CONCEPCION,ORCOTUNA,-11.967222,-75.307500,3271
120214,JUNIN,CONCEPCION,SAN JOSE DE QUERO,-12.085556,-75.536389,3913
120215,JUNIN,CONCEPCION,SANTA ROSA DE OCOPA,-11.877222,-75.295000,3396
120301,JUNIN,CHANCHAMAYO,CHANCHAMAYO,-11.056667,-75.327500,804
120302,JUNIN,CHANCHAMAYO,PERENE,-10.947500,-75.224722,666
120303,JUNIN,CHANCHAMAYO,PICHANAQUI,-10.926389,-74.872778,531
120304,JUNIN,CHANCHAMAYO,SAN LUIS DE SHUARO,-10.888333,-75.287222,739
120305,JUNIN,CHANCHAMAYO,SAN RAMON,-11.120556,-75.353056,865
120306,JUNIN,CHANCHAMAYO,VITOC,-11.210278,-75.334722,962
120401,JUNIN,JAUJA,JAUJA,-11.775556,-75.500556,3425
120402,JUNIN,JAUJA,ACOLLA,-11.731111,-75.546667,3493
120403,JUNIN,JAUJA,APATA,-11.855278,-75.354444,3359
120404,JUNIN,JAUJA,ATAURA,-11.802778,-75.438889,3364
120405,JUNIN,JAUJA,CANCHAYLLO,-11.802222,-75.718056,3632
120406,JUNIN,JAUJA,CURICACA,-11.785278,-75.675000,3546
120407,JUNIN,JAUJA,EL MANTARO,-11.822222,-75.391944,3336
120408,JUNIN,JAUJA,HUAMALI,-11.807222,-75.424167,3366
120409,JUNIN,JAUJA,HUARIPAMPA,-11.807778,-75.471111,3378
120410,JUNIN,JAUJA,HUERTAS,-11.760000,-75.469722,3404
120411,JUNIN,JAUJA,JANJAILLO,-11.764444,-75.610278,3830
120412,JUNIN,JAUJA,JULCAN,-11.759167,-75.435278,3473
120413,JUNIN,JAUJA,LEONOR ORDOÑEZ,-11.859444,-75.417500,3319
120414,JUNIN,JAUJA,LLOCLLAPAMPA,-11.817500,-75.623889,3526
120415,JUNIN,JAUJA,MARCO,-11.740556,-75.561111,3480
120416,JUNIN,JAUJA,MASMA,-11.785278,-75.426111,3505
120417,JUNIN,JAUJA,MASMA CHICCHE,-11.786111,-75.381667,3671
120418,JUNIN,JAUJA,MOLINOS,-11.737778,-75.446111,3459
120419,JUNIN,JAUJA,MONOBAMBA,-11.360556,-75.326667,1495
120420,JUNIN,JAUJA,MUQUI,-11.833333,-75.435000,3358
120421,JUNIN,JAUJA,MUQUIYAUYO,-11.813889,-75.453889,3373
120422,JUNIN,JAUJA,PACA,-11.709167,-75.518333,3402
120423,JUNIN,JAUJA,PACCHA,-11.853611,-75.506389,3679
120424,JUNIN,JAUJA,PANCAN,-11.748889,-75.486111,3398
120425,JUNIN,JAUJA,PARCO,-11.801111,-75.542778,3437
120426,JUNIN,JAUJA,POMACANCHA,-11.739167,-75.623333,3824
120427,JUNIN,JAUJA,RICRAN,-11.539444,-75.527222,3645
120428,JUNIN,JAUJA,SAN LORENZO,-11.846389,-75.381667,3337
120429,JUNIN,JAUJA,SAN PEDRO DE CHUNAN,-11.725556,-75.486389,3417
120430,JUNIN,JAUJA,SAUSA,-11.793611,-75.484722,3387
120431,JUNIN,JAUJA,SINCOS,-11.891389,-75.386944,3280
120432,JUNIN,JAUJA,TUNAN MARCA,-11.729722,-75.570556,3492
120433,JUNIN,JAUJA,YAULI,-11.715000,-75.471944,3439
120434,JUNIN,JAUJA,YAUYOS,-11.780833,-75.499722,3420
120501,JUNIN,JUNIN,JUNIN,-11.161389,-75.998333,4127
120502,JUNIN,JUNIN,CARHUAMAYO,-10.922778,-76.057778,4154
120503,JUNIN,JUNIN,ONDORES,-11.083611,-76.146667,4108
120504,JUNIN,JUNIN,ULCUMAYO,-10.967500,-75.878056,3636
120601,JUNIN,SATIPO,SATIPO,-11.253889,-74.636111,676
120602,JUNIN,SATIPO,COVIRIALI,-11.291389,-74.627500,708
120603,JUNIN,SATIPO,LLAYLLA,-11.381111,-74.590278,1122
120604,JUNIN,SATIPO,MAZAMARI,-11.325000,-74.530278,694
120605,JUNIN,SATIPO,PAMPA HERMOSA,-11.404167,-74.751667,1231
120606,JUNIN,SATIPO,PANGOA,-11.428333,-74.488889,816
120607,JUNIN,SATIPO,RIO NEGRO,-11.208889,-74.659444,665
120608,JUNIN,SATIPO,RIO TAMBO,-11.147500,-74.306389,358
120609,JUNIN,SATIPO,VIZCATAN DEL ENE,-12.186111,-74.027222,539
120701,JUNIN,TARMA,TARMA,-11.420000,-75.688056,3094
120702,JUNIN,TARMA,ACOBAMBA,-11.353333,-75.659167,2961
120703,JUNIN,TARMA,HUARICOLCA,-11.511944,-75.652778,3783
120704,JUNIN,TARMA,HUASAHUASI,-11.265000,-75.650278,2768
120705,JUNIN,TARMA,LA UNION,-11.377222,-75.751944,3556
120706,JUNIN,TARMA,PALCA,-11.346111,-75.568611,2759
120707,JUNIN,TARMA,PALCAMAYO,-11.295833,-75.772778,3351
120708,JUNIN,TARMA,SAN PEDRO DE CAJAS,-11.249167,-75.862778,4027
120709,JUNIN,TARMA,TAPO,-11.390278,-75.563889,3146
120801,JUNIN,YAULI,LA OROYA,-11.521944,-75.907778,3757
120802,JUNIN,YAULI,CHACAPALPA,-11.732778,-75.755556,3775
120803,JUNIN,YAULI,HUAY-HUAY,-11.722500,-75.905000,3995
120804,JUNIN,YAULI,MARCAPOMACOCHA,-11.406667,-76.336111,4451
120805,JUNIN,YAULI,MOROCOCHA,-11.587222,-76.063333,4268
120806,JUNIN,YAULI,PACCHA,-11.473056,-75.960556,3786
120807,JUNIN,YAULI,SANTA BARBARA DE CARHUACAYAN,-11.203889,-76.285556,4145
120808,JUNIN,YAULI,SANTA ROSA DE SACCO,-11.549167,-75.940278,3831
120809,JUNIN,YAULI,SUITUCANCHA,-11.787500,-75.936389,4286
120810,JUNIN,YAULI,YAULI,-11.665833,-76.085833,4137
120901,JUNIN,CHUPACA,CHUPACA,-12.057778,-75.289444,3286
120902,JUNIN,CHUPACA,AHUAC,-12.085833,-75.321111,3341
120903,JUNIN,CHUPACA,CHONGOS BAJO,-12.133889,-75.268056,3288
120904,JUNIN,CHUPACA,HUACHAC,-12.020556,-75.341111,3378
120905,JUNIN,CHUPACA,HUAMANCACA CHICO,-12.080833,-75.242222,3203
120906,JUNIN,CHUPACA,SAN JUAN DE YSCOS,-12.098333,-75.292778,3280
120907,JUNIN,CHUPACA,SAN JUAN DE JARPA,-12.126389,-75.435556,3692
120908,JUNIN,CHUPACA,TRES DE DICIEMBRE,-12.109722,-75.245833,3193
120909,JUNIN,CHUPACA,YANACANCHA,-12.201111,-75.386667,3854
130101,LA LIBERTAD,TRUJILLO,TRUJILLO,-8.100000,-79.030556,74
130102,LA LIBERTAD,TRUJILLO,EL PORVENIR,-8.088056,-78.997778,92
130103,LA LIBERTAD,TRUJILLO,FLORENCIA DE MORA,-8.082778,-79.023333,92
130104,LA LIBERTAD,TRUJILLO,HUANCHACO,-8.080000,-79.121667,19
130105,LA LIBERTAD,TRUJILLO,LA ESPERANZA,-8.056111,-79.051667,137
130106,LA LIBERTAD,TRUJILLO,LAREDO,-8.089722,-78.960278,107
130107,LA LIBERTAD,TRUJILLO,MOCHE,-8.171389,-79.009167,25
130108,LA LIBERTAD,TRUJILLO,POROTO,-8.011389,-78.767778,659
130109,LA LIBERTAD,TRUJILLO,SALAVERRY,-8.224444,-78.976111,10
130110,LA LIBERTAD,TRUJILLO,SIMBAL,-7.976667,-78.813333,604
130111,LA LIBERTAD,TRUJILLO,VICTOR LARCO HERRERA,-8.136389,-79.043333,24
130201,LA LIBERTAD,ASCOPE,ASCOPE,-7.713611,-79.107222,242
130202,LA LIBERTAD,ASCOPE,CHICAMA,-7.842500,-79.144167,150
130203,LA LIBERTAD,ASCOPE,CHOCOPE,-7.791389,-79.223056,118
130204,LA LIBERTAD,ASCOPE,MAGDALENA DE CAO,-7.876389,-79.295833,42
130205,LA LIBERTAD,ASCOPE,PAIJAN,-7.734722,-79.303333,97
130206,LA LIBERTAD,ASCOPE,RAZURI,-7.702222,-79.437778,14
130207,LA LIBERTAD,ASCOPE,SANTIAGO DE CAO,-7.957778,-79.243611,32
130208,LA LIBERTAD,ASCOPE,CASA GRANDE,-7.745278,-79.188056,162
130301,LA LIBERTAD,BOLIVAR,BOLIVAR,-7.153889,-77.702222,3157
130302,LA LIBERTAD,BOLIVAR,BAMBAMARCA,-7.439722,-77.693056,3488
130303,LA LIBERTAD,BOLIVAR,CONDORMARCA,-7.546667,-77.599722,2793
130304,LA LIBERTAD,BOLIVAR,LONGOTEA,-7.043889,-77.872222,2617
130305,LA LIBERTAD,BOLIVAR,UCHUMARCA,-7.047222,-77.805556,3043
130306,LA LIBERTAD,BOLIVAR,UCUNCHA,-7.165278,-77.859167,2634
130401,LA LIBERTAD,CHEPEN,CHEPEN,-7.227500,-79.429444,160
130402,LA LIBERTAD,CHEPEN,PACANGA,-7.171389,-79.485556,112
130403,LA LIBERTAD,CHEPEN,PUEBLO NUEVO,-7.182500,-79.520000,84
130501,LA LIBERTAD,JULCAN,JULCAN,-8.042778,-78.486389,3420
130502,LA LIBERTAD,JULCAN,CALAMARCA,-8.170000,-78.412222,3377
130503,LA LIBERTAD,JULCAN,CARABAMBA,-8.112500,-78.607500,3345
130504,LA LIBERTAD,JULCAN,HUASO,-8.224722,-78.414167,3075
130601,LA LIBERTAD,OTUZCO,OTUZCO,-7.902222,-78.565556,2701
130602,LA LIBERTAD,OTUZCO,AGALLPAMPA,-7.981944,-78.546667,3143
130604,LA LIBERTAD,OTUZCO,CHARAT,-7.823889,-78.448056,2280
130605,LA LIBERTAD,OTUZCO,HUARANCHAL,-7.689722,-78.442500,2208
130606,LA LIBERTAD,OTUZCO,LA CUESTA,-7.918889,-78.704722,1900
130608,LA LIBERTAD,OTUZCO,MACHE,-8.029167,-78.535000,3320
130610,LA LIBERTAD,OTUZCO,PARANDAY,-7.885000,-78.709444,3137
130611,LA LIBERTAD,OTUZCO,SALPO,-8.003056,-78.604167,3461
130613,LA LIBERTAD,OTUZCO,SINSICAP,-7.851667,-78.754167,2335
130614,LA LIBERTAD,OTUZCO,USQUIL,-7.815278,-78.416667,3049
130701,LA LIBERTAD,PACASMAYO,SAN PEDRO DE LLOC,-7.418333,-79.514722,49
130702,LA LIBERTAD,PACASMAYO,GUADALUPE,-7.243611,-79.470278,124
130703,LA LIBERTAD,PACASMAYO,JEQUETEPEQUE,-7.337500,-79.563056,13
130704,LA LIBERTAD,PACASMAYO,PACASMAYO,-7.401111,-79.572222,21
130705,LA LIBERTAD,PACASMAYO,SAN JOSE,-7.350000,-79.455278,117
130801,LA LIBERTAD,PATAZ,TAYABAMBA,-8.275000,-77.296111,3222
130802,LA LIBERTAD,PATAZ,BULDIBUYO,-8.126944,-77.395278,3189
130803,LA LIBERTAD,PATAZ,CHILLIA,-8.124444,-77.515000,3166
130804,LA LIBERTAD,PATAZ,HUANCASPATA,-8.457500,-77.298333,3313
130805,LA LIBERTAD,PATAZ,HUAYLILLAS,-8.187222,-77.343889,2381
130806,LA LIBERTAD,PATAZ,HUAYO,-8.004444,-77.592222,2188
130807,LA LIBERTAD,PATAZ,ONGON,-8.207778,-76.982778,1353
130808,LA LIBERTAD,PATAZ,PARCOY,-8.033333,-77.479722,3121
130809,LA LIBERTAD,PATAZ,PATAZ,-7.785000,-77.593889,2611
130810,LA LIBERTAD,PATAZ,PIAS,-7.871944,-77.546667,2641
130811,LA LIBERTAD,PATAZ,SANTIAGO DE CHALLAS,-8.438056,-77.320556,3316
130812,LA LIBERTAD,PATAZ,TAURIJA,-8.307778,-77.423611,3123
130813,LA LIBERTAD,PATAZ,URPAY,-8.347778,-77.389444,2707
130901,LA LIBERTAD,SANCHEZ CARRION,HUAMACHUCO,-7.811111,-78.046667,3183
130902,LA LIBERTAD,SANCHEZ CARRION,CHUGAY,-7.781944,-77.868333,3394
130903,LA LIBERTAD,SANCHEZ CARRION,COCHORCO,-7.806389,-77.717500,2620
130904,LA LIBERTAD,SANCHEZ CARRION,CURGOS,-7.860000,-77.943889,3244
130905,LA LIBERTAD,SANCHEZ CARRION,MARCABAL,-7.705833,-78.033611,2943
130906,LA LIBERTAD,SANCHEZ CARRION,SANAGORAN,-7.786111,-78.141944,2688
130907,LA LIBERTAD,SANCHEZ CARRION,SARIN,-7.911389,-77.906111,2840
130908,LA LIBERTAD,SANCHEZ CARRION,SARTIMBAMBA,-7.699167,-77.743611,2697
131001,LA LIBERTAD,SANTIAGO DE CHUCO,SANTIAGO DE CHUCO,-8.145278,-78.173611,3126
131002,LA LIBERTAD,SANTIAGO DE CHUCO,ANGASMARCA,-8.132778,-78.055833,2889
131003,LA LIBERTAD,SANTIAGO DE CHUCO,CACHICADAN,-8.094444,-78.148889,2897
131004,LA LIBERTAD,SANTIAGO DE CHUCO,MOLLEBAMBA,-8.170833,-77.973889,3099
131005,LA LIBERTAD,SANTIAGO DE CHUCO,MOLLEPATA,-8.193333,-77.957222,2694
131006,LA LIBERTAD,SANTIAGO DE CHUCO,QUIRUVILCA,-8.001944,-78.310000,3992
131007,LA LIBERTAD,SANTIAGO DE CHUCO,SANTA CRUZ DE CHUCA,-8.120278,-78.142222,2937
131008,LA LIBERTAD,SANTIAGO DE CHUCO,SITABAMBA,-8.022222,-77.730000,3080
131101,LA LIBERTAD,GRAN CHIMU,CASCAS,-7.479444,-78.819722,1278
131102,LA LIBERTAD,GRAN CHIMU,LUCMA,-7.640556,-78.552222,2192
131103,LA LIBERTAD,GRAN CHIMU,MARMOT,-7.698333,-78.626111,1512
131104,LA LIBERTAD,GRAN CHIMU,SAYAPULLO,-7.595833,-78.465000,2384
131201,LA LIBERTAD,VIRU,VIRU,-8.414444,-78.752778,88
131202,LA LIBERTAD,VIRU,CHAO,-8.540556,-78.678889,103
131203,LA LIBERTAD,VIRU,GUADALUPITO,-8.951667,-78.624722,30
140101,LAMBAYEQUE,CHICLAYO,CHICLAYO,-6.766944,-79.850556,28
140102,LAMBAYEQUE,CHICLAYO,CHONGOYAPE,-6.643056,-79.385278,219
140103,LAMBAYEQUE,CHICLAYO,ETEN,-6.906944,-79.862500,15
140104,LAMBAYEQUE,CHICLAYO,ETEN PUERTO,-6.925556,-79.866111,14
140105,LAMBAYEQUE,CHICLAYO,JOSE LEONARDO ORTIZ,-6.763056,-79.834444,41
140106,LAMBAYEQUE,CHICLAYO,LA VICTORIA,-6.794444,-79.844444,36
140107,LAMBAYEQUE,CHICLAYO,LAGUNAS,-6.991111,-79.622778,34
140108,LAMBAYEQUE,CHICLAYO,MONSEFU,-6.878056,-79.872500,40
140109,LAMBAYEQUE,CHICLAYO,NUEVA ARICA,-6.874167,-79.343611,178
140110,LAMBAYEQUE,CHICLAYO,OYOTUN,-6.854444,-79.306389,209
140111,LAMBAYEQUE,CHICLAYO,PICSI,-6.718333,-79.770556,43
140112,LAMBAYEQUE,CHICLAYO,PIMENTEL,-6.835278,-79.935833,22
140113,LAMBAYEQUE,CHICLAYO,REQUE,-6.865000,-79.819167,34
140114,LAMBAYEQUE,CHICLAYO,SANTA ROSA,-6.881667,-79.920833,23
140115,LAMBAYEQUE,CHICLAYO,SAÑA,-6.918056,-79.583333,70
140116,LAMBAYEQUE,CHICLAYO,CAYALTI,-6.891667,-79.562222,86
140117,LAMBAYEQUE,CHICLAYO,PATAPO,-6.735556,-79.634722,113
140118,LAMBAYEQUE,CHICLAYO,POMALCA,-6.770000,-79.775278,61
140119,LAMBAYEQUE,CHICLAYO,PUCALA,-6.781944,-79.612222,108
140120,LAMBAYEQUE,CHICLAYO,TUMAN,-6.751111,-79.701111,71
140201,LAMBAYEQUE,FERREÑAFE,FERREÑAFE,-6.638889,-79.788333,38
140202,LAMBAYEQUE,FERREÑAFE,CAÑARIS,-6.046111,-79.265278,2421
140203,LAMBAYEQUE,FERREÑAFE,INCAHUASI,-6.235278,-79.316944,3030
140204,LAMBAYEQUE,FERREÑAFE,MANUEL ANTONIO MESONES MURO,-6.645000,-79.738889,66
140205,LAMBAYEQUE,FERREÑAFE,PITIPO,-6.565833,-79.780833,70
140206,LAMBAYEQUE,FERREÑAFE,PUEBLO NUEVO,-6.640278,-79.796111,45
140301,LAMBAYEQUE,LAMBAYEQUE,LAMBAYEQUE,-6.706944,-79.895278,24
140302,LAMBAYEQUE,LAMBAYEQUE,CHOCHOPE,-6.157778,-79.647778,198
140303,LAMBAYEQUE,LAMBAYEQUE,ILLIMO,-6.473889,-79.854722,60
140304,LAMBAYEQUE,LAMBAYEQUE,JAYANCA,-6.392778,-79.822778,67
140305,LAMBAYEQUE,LAMBAYEQUE,MOCHUMI,-6.547778,-79.865000,40
140306,LAMBAYEQUE,LAMBAYEQUE,MORROPE,-6.540278,-80.015556,5
140307,LAMBAYEQUE,LAMBAYEQUE,MOTUPE,-6.150833,-79.714167,140
140308,LAMBAYEQUE,LAMBAYEQUE,OLMOS,-5.987778,-79.747500,192
140309,LAMBAYEQUE,LAMBAYEQUE,PACORA,-6.428611,-79.838889,69
140310,LAMBAYEQUE,LAMBAYEQUE,SALAS,-6.274722,-79.607222,174
140311,LAMBAYEQUE,LAMBAYEQUE,SAN JOSE,-6.769444,-79.968056,33
140312,LAMBAYEQUE,LAMBAYEQUE,TUCUME,-6.510000,-79.859167,61
150101,LIMA,LIMA,LIMA,-12.045278,-77.030833,162
150102,LIMA,LIMA,ANCON,-11.773889,-77.176389,14
150103,LIMA,LIMA,ATE,-12.026389,-76.921389,378
150104,LIMA,LIMA,BARRANCO,-12.149167,-77.021667,97
150105,LIMA,LIMA,BREÑA,-12.058889,-77.046111,153
150106,LIMA,LIMA,CARABAYLLO,-11.890278,-77.026944,238
150107,LIMA,LIMA,CHACLACAYO,-11.975278,-76.768889,685
150108,LIMA,LIMA,CHORRILLOS,-12.176944,-77.016389,68
150109,LIMA,LIMA,CIENEGUILLA,-12.120278,-76.814167,287
150110,LIMA,LIMA,COMAS,-11.957222,-77.049444,107
150111,LIMA,LIMA,EL AGUSTINO,-12.048333,-77.000556,200
150112,LIMA,LIMA,INDEPENDENCIA,-11.997222,-77.054722,111
150113,LIMA,LIMA,JESUS MARIA,-12.075556,-77.043333,142
150114,LIMA,LIMA,LA MOLINA,-12.078056,-76.916667,262
150115,LIMA,LIMA,LA VICTORIA,-12.065000,-77.030833,142
150116,LIMA,LIMA,LINCE,-12.084444,-77.030278,150
150117,LIMA,LIMA,LOS OLIVOS,-11.991389,-77.070833,67
150118,LIMA,LIMA,LURIGANCHO,-11.935833,-76.697222,879
150119,LIMA,LIMA,LURIN,-12.274722,-76.870278,12
150120,LIMA,LIMA,MAGDALENA DEL MAR,-12.091667,-77.067222,90
150121,LIMA,LIMA,PUEBLO LIBRE,-12.078056,-77.062500,114
150122,LIMA,LIMA,MIRAFLORES,-12.121667,-77.029167,125
150123,LIMA,LIMA,PACHACAMAC,-12.187222,-76.866667,68
150124,LIMA,LIMA,PUCUSANA,-12.481667,-76.797500,26
150125,LIMA,LIMA,PUENTE PIEDRA,-11.866667,-77.076944,187
150126,LIMA,LIMA,PUNTA HERMOSA,-12.333611,-76.824167,52
150127,LIMA,LIMA,PUNTA NEGRA,-12.365278,-76.795556,42
150128,LIMA,LIMA,RIMAC,-12.042222,-77.026944,153
150129,LIMA,LIMA,SAN BARTOLO,-12.389167,-76.780833,25
150130,LIMA,LIMA,SAN BORJA,-12.107222,-76.998889,170
150131,LIMA,LIMA,SAN ISIDRO,-12.097778,-77.027222,195
150132,LIMA,LIMA,SAN JUAN DE LURIGANCHO,-12.029722,-77.010000,222
150133,LIMA,LIMA,SAN JUAN DE MIRAFLORES,-12.163611,-76.963611,133
150134,LIMA,LIMA,SAN LUIS,-12.075556,-76.993611,214
150135,LIMA,LIMA,SAN MARTIN DE PORRES,-12.030000,-77.057500,138
150136,LIMA,LIMA,SAN MIGUEL,-12.092222,-77.079444,84
150137,LIMA,LIMA,SANTA ANITA,-12.043889,-76.971389,285
150138,LIMA,LIMA,SANTA MARIA DEL MAR,-12.401944,-76.773333,52
150139,LIMA,LIMA,SANTA ROSA,-11.787222,-77.156944,72
150140,LIMA,LIMA,SANTIAGO DE SURCO,-12.145000,-77.005000,107
150141,LIMA,LIMA,SURQUILLO,-12.118611,-77.021667,125
150142,LIMA,LIMA,VILLA EL SALVADOR,-12.213333,-76.937222,204
150143,LIMA,LIMA,VILLA MARIA DEL TRIUNFO,-12.162500,-76.943611,210
150144,LIMA,LIMA,SANTA MARIA DE HUACHIPA,,,
150201,LIMA,BARRANCA,BARRANCA,-10.753333,-77.765000,74
150202,LIMA,BARRANCA,PARAMONGA,-10.674722,-77.818056,37
150203,LIMA,BARRANCA,PATIVILCA,-10.696111,-77.780278,95
150204,LIMA,BARRANCA,SUPE,-10.796111,-77.716111,69
150205,LIMA,BARRANCA,SUPE PUERTO,-10.801667,-77.744722,41
150301,LIMA,CAJATAMBO,CAJATAMBO,-10.473056,-76.993056,3396
150302,LIMA,CAJATAMBO,COPA,-10.386389,-77.078889,3433
150303,LIMA,CAJATAMBO,GORGOR,-10.621111,-77.041389,3049
150304,LIMA,CAJATAMBO,HUANCAPON,-10.549444,-77.112500,3187
150305,LIMA,CAJATAMBO,MANAS,-10.595556,-77.167222,2457
150401,LIMA,CANTA,CANTA,-11.467222,-76.624444,2867
150402,LIMA,CANTA,ARAHUAY,-11.621389,-76.670278,2533
150403,LIMA,CANTA,HUAMANTANGA,-11.499167,-76.749444,3414
150404,LIMA,CANTA,HUAROS,-11.406667,-76.575833,3614
150405,LIMA,CANTA,LACHAQUI,-11.553056,-76.625556,3686
150406,LIMA,CANTA,SAN BUENAVENTURA,-11.489167,-76.662222,2743
150407,LIMA,CANTA,SANTA ROSA DE QUIVES,-11.695278,-76.846111,936
150501,LIMA,CAÑETE,SAN VICENTE DE CAÑETE,-13.077778,-76.387778,77
150502,LIMA,CAÑETE,ASIA,-12.779167,-76.556667,69
150503,LIMA,CAÑETE,CALANGO,-12.526389,-76.543611,323
150504,LIMA,CAÑETE,CERRO AZUL,-13.025000,-76.478889,17
150505,LIMA,CAÑETE,CHILCA,-12.518056,-76.738056,31
150506,LIMA,CAÑETE,COAYLLO,-12.727222,-76.460278,285
150507,LIMA,CAÑETE,IMPERIAL,-13.060556,-76.352778,112
150508,LIMA,CAÑETE,LUNAHUANA,-12.970556,-76.151111,498
150509,LIMA,CAÑETE,MALA,-12.657500,-76.632500,58
150510,LIMA,CAÑETE,NUEVO IMPERIAL,-13.075556,-76.316667,169
150511,LIMA,CAÑETE,PACARAN,-12.866111,-76.054167,721
150512,LIMA,CAÑETE,QUILMANA,-12.949444,-76.382778,185
150513,LIMA,CAÑETE,SAN ANTONIO,-12.642222,-76.649444,67
150514,LIMA,CAÑETE,SAN LUIS,-13.051111,-76.431111,36
150515,LIMA,CAÑETE,SANTA CRUZ DE FLORES,-12.619722,-76.639722,111
150516,LIMA,CAÑETE,ZUÑIGA,-12.860278,-76.022500,827
150601,LIMA,HUARAL,HUARAL,-11.495278,-77.206944,195
150602,LIMA,HUARAL,ATAVILLOS ALTO,-11.234167,-76.655833,3293
150603,LIMA,HUARAL,ATAVILLOS BAJO,-11.351944,-76.825556,1885
150604,LIMA,HUARAL,AUCALLAMA,-11.559444,-77.180000,154
150605,LIMA,HUARAL,CHANCAY,-11.563056,-77.270556,58
150606,LIMA,HUARAL,IHUARI,-11.188611,-76.951944,2850
150607,LIMA,HUARAL,LAMPIAN,-11.237778,-76.839167,2467
150608,LIMA,HUARAL,PACARAOS,-11.186111,-76.647778,3348
150609,LIMA,HUARAL,SAN MIGUEL DE ACOS,-11.273889,-76.821944,1591
150610,LIMA,HUARAL,SANTA CRUZ DE ANDAMARCA,-11.194722,-76.634444,3550
150611,LIMA,HUARAL,SUMBILCA,-11.406667,-76.819722,3396
150612,LIMA,HUARAL,VEINTISIETE DE NOVIEMBRE,-11.192222,-76.779722,2640
150701,LIMA,HUAROCHIRI,MATUCANA,-11.845000,-76.386111,2395
150702,LIMA,HUAROCHIRI,ANTIOQUIA,-12.080833,-76.510833,1573
150703,LIMA,HUAROCHIRI,CALLAHUANCA,-11.826389,-76.618889,1807
150704,LIMA,HUAROCHIRI,CARAMPOMA,-11.656389,-76.516389,3459
150705,LIMA,HUAROCHIRI,CHICLA,-11.706389,-76.268056,3703
150706,LIMA,HUAROCHIRI,CUENCA,-12.132222,-76.435278,2784
150707,LIMA,HUAROCHIRI,HUACHUPAMPA,-11.721111,-76.588611,2938
150708,LIMA,HUAROCHIRI,HUANZA,-11.656111,-76.503611,3431
150709,LIMA,HUAROCHIRI,HUAROCHIRI,-12.136111,-76.231944,3170
150710,LIMA,HUAROCHIRI,LAHUAYTAMBO,-12.096389,-76.388889,3362
150711,LIMA,HUAROCHIRI,LANGA,-12.125556,-76.421111,2889
150712,LIMA,HUAROCHIRI,LARAOS,-11.664444,-76.539444,3683
150713,LIMA,HUAROCHIRI,MARIATANA,-12.237222,-76.326111,3561
150714,LIMA,HUAROCHIRI,RICARDO PALMA,-11.923611,-76.665000,975
150715,LIMA,HUAROCHIRI,SAN ANDRES DE TUPICOCHA,-12.002222,-76.474722,3321
150716,LIMA,HUAROCHIRI,SAN ANTONIO,-11.743611,-76.650000,3456
150717,LIMA,HUAROCHIRI,SAN BARTOLOME,-11.911944,-76.529167,1644
150718,LIMA,HUAROCHIRI,SAN DAMIAN,-12.017778,-76.391944,3252
150719,LIMA,HUAROCHIRI,SAN JUAN DE IRIS,-11.683056,-76.525000,3436
150720,LIMA,HUAROCHIRI,SAN JUAN DE TANTARANCHE,-12.113611,-76.182500,3436
150721,LIMA,HUAROCHIRI,SAN LORENZO DE QUINTI,-12.145278,-76.212500,2682
150722,LIMA,HUAROCHIRI,SAN MATEO,-11.759167,-76.300556,3164
150723,LIMA,HUAROCHIRI,SAN MATEO DE OTAO,-11.870278,-76.543889,2084
150724,LIMA,HUAROCHIRI,SAN PEDRO DE CASTA,-11.758889,-76.596389,3196
150725,LIMA,HUAROCHIRI,SAN PEDRO DE HUANCAYRE,-12.131389,-76.215556,3140
150726,LIMA,HUAROCHIRI,SANGALLAYA,-12.160833,-76.228889,2779
150727,LIMA,HUAROCHIRI,SANTA CRUZ DE COCACHACRA,-11.911667,-76.539444,1440
150728,LIMA,HUAROCHIRI,SANTA EULALIA,-11.901667,-76.663889,1048
150729,LIMA,HUAROCHIRI,SANTIAGO DE ANCHUCAYA,-12.095556,-76.230556,3400
150730,LIMA,HUAROCHIRI,SANTIAGO DE TUNA,-11.983889,-76.525278,2913
150731,LIMA,HUAROCHIRI,SANTO DOMINGO DE LOS OLLEROS,-12.218889,-76.514167,2861
150732,LIMA,HUAROCHIRI,SURCO,-11.882500,-76.436111,2049
150801,LIMA,HUAURA,HUACHO,-11.108056,-77.610278,46
150802,LIMA,HUAURA,AMBAR,-10.756111,-77.271944,2084
150803,LIMA,HUAURA,CALETA DE CARQUIN,-11.091667,-77.628333,28
150804,LIMA,HUAURA,CHECRAS,-10.918056,-76.825556,3305
150805,LIMA,HUAURA,HUALMAY,-11.096667,-77.613056,47
150806,LIMA,HUAURA,HUAURA,-11.069722,-77.599167,96
150807,LIMA,HUAURA,LEONCIO PRADO,-11.061111,-76.930278,3299
150808,LIMA,HUAURA,PACCHO,-10.957500,-76.933333,3275
150809,LIMA,HUAURA,SANTA LEONOR,-10.948611,-76.745000,3583
150810,LIMA,HUAURA,SANTA MARIA,-11.096667,-77.595000,83
150811,LIMA,HUAURA,SAYAN,-11.135278,-77.193611,689
150812,LIMA,HUAURA,VEGUETA,-11.023333,-77.643889,40
150901,LIMA,OYON,OYON,-10.668056,-76.773333,3648
150902,LIMA,OYON,ANDAJES,-10.792778,-76.909167,3505
150903,LIMA,OYON,CAUJUL,-10.805833,-76.979167,3185
150904,LIMA,OYON,COCHAMARCA,-10.863333,-77.128889,3492
150905,LIMA,OYON,NAVAN,-10.837778,-77.014444,3131
150906,LIMA,OYON,PACHANGARA,-10.811111,-76.875000,2283
151001,LIMA,YAUYOS,YAUYOS,-12.459722,-75.918333,2895
151002,LIMA,YAUYOS,ALIS,-12.281111,-75.786389,3285
151003,LIMA,YAUYOS,AYAUCA,-12.591111,-76.036944,3151
151004,LIMA,YAUYOS,AYAVIRI,-12.382500,-76.136944,3263
151005,LIMA,YAUYOS,AZANGARO,-13.000000,-75.837222,3435
151006,LIMA,YAUYOS,CACRA,-12.812500,-75.783056,2788
151007,LIMA,YAUYOS,CARANIA,-12.345556,-75.869444,3846
151008,LIMA,YAUYOS,CATAHUASI,-12.799444,-75.891389,1203
151009,LIMA,YAUYOS,CHOCOS,-12.914444,-75.862778,2733
151010,LIMA,YAUYOS,COCHAS,-12.294167,-76.157500,2851
151011,LIMA,YAUYOS,COLONIA,-12.633889,-75.890278,3399
151012,LIMA,YAUYOS,HONGOS,-12.810833,-75.765278,3215
151013,LIMA,YAUYOS,HUAMPARA,-12.360278,-76.167222,2501
151014,LIMA,YAUYOS,HUANCAYA,-12.203333,-75.799167,3591
151015,LIMA,YAUYOS,HUANGASCAR,-12.899444,-75.831944,2529
151016,LIMA,YAUYOS,HUANTAN,-12.456389,-75.811667,3315
151017,LIMA,YAUYOS,HUAÑEC,-12.293889,-76.138611,3222
151018,LIMA,YAUYOS,LARAOS,-12.346667,-75.785833,3492
151019,LIMA,YAUYOS,LINCHA,-12.799722,-75.666667,3516
151020,LIMA,YAUYOS,MADEAN,-12.944444,-75.777222,3292
151021,LIMA,YAUYOS,MIRAFLORES,-12.274444,-75.850278,3677
151022,LIMA,YAUYOS,OMAS,-12.514722,-76.289444,1572
151023,LIMA,YAUYOS,PUTINZA,-12.668056,-75.949444,1985
151024,LIMA,YAUYOS,QUINCHES,-12.307778,-76.143333,2981
151025,LIMA,YAUYOS,QUINOCAY,-12.362222,-76.226389,2672
151026,LIMA,YAUYOS,SAN JOAQUIN,-12.283889,-76.146944,2960
151027,LIMA,YAUYOS,SAN PEDRO DE PILAS,-12.454444,-76.226944,2678
151028,LIMA,YAUYOS,TANTA,-12.122222,-76.013333,4293
151029,LIMA,YAUYOS,TAURIPAMPA,-12.617222,-76.161944,3526
151030,LIMA,YAUYOS,TOMAS,-12.237778,-75.745000,3580
151031,LIMA,YAUYOS,TUPE,-12.741111,-75.809444,2841
151032,LIMA,YAUYOS,VIÑAC,-12.931111,-75.780000,3315
151033,LIMA,YAUYOS,VITIS,-12.223889,-75.808056,3625
160101,LORETO,MAYNAS,IQUITOS,-3.748056,-73.244167,107
160102,LORETO,MAYNAS,ALTO NANAY,-3.888333,-73.697500,115
160103,LORETO,MAYNAS,FERNANDO LORES,-4.001667,-73.156944,129
160104,LORETO,MAYNAS,INDIANA,-3.500278,-73.041111,98
160105,LORETO,MAYNAS,LAS AMAZONAS,-3.423056,-72.764444,100
160106,LORETO,MAYNAS,MAZAN,-3.488611,-73.081667,106
160107,LORETO,MAYNAS,NAPO,-2.489167,-73.676111,142
160108,LORETO,MAYNAS,PUNCHANA,-3.728611,-73.241944,124
160109,LORETO,MAYNAS,PUTUMAYO,,,
160110,LORETO,MAYNAS,TORRES CAUSANA,-0.970556,-75.174167,196
160112,LORETO,MAYNAS,BELEN,-3.769167,-73.260000,116
160113,LORETO,MAYNAS,SAN JUAN BAUTISTA,-3.770278,-73.280278,120
160114,LORETO,MAYNAS,TENIENTE MANUEL CLAVERO,,,
160201,LORETO,ALTO AMAZONAS,YURIMAGUAS,-5.884167,-76.128056,150
160202,LORETO,ALTO AMAZONAS,BALSAPUERTO,-5.833333,-76.559722,220
160205,LORETO,ALTO AMAZONAS,JEBEROS,-5.290833,-76.283333,146
160206,LORETO,ALTO AMAZONAS,LAGUNAS,-5.223889,-75.675000,119
160210,LORETO,ALTO AMAZONAS,SANTA CRUZ,-5.513333,-75.858889,131
160211,LORETO,ALTO AMAZONAS,TENIENTE CESAR LOPEZ ROJAS,-6.025556,-75.874167,149
160301,LORETO,LORETO,NAUTA,-4.501389,-73.569444,127
160302,LORETO,LORETO,PARINARI,-4.631667,-74.463056,106
160303,LORETO,LORETO,TIGRE,-3.489722,-74.781667,131
160304,LORETO,LORETO,TROMPETEROS,-3.805000,-75.060556,131
160305,LORETO,LORETO,URARINAS,-4.587500,-74.767222,100
160401,LORETO,MARISCAL RAMON CASTILLA,RAMON CASTILLA,-3.906111,-70.516944,86
160402,LORETO,MARISCAL RAMON CASTILLA,PEBAS,-3.320278,-71.861944,117
160403,LORETO,MARISCAL RAMON CASTILLA,YAVARI,-4.353611,-70.041667,75
160404,LORETO,MARISCAL RAMON CASTILLA,SAN PABLO,-4.020278,-71.103056,85
160501,LORETO,REQUENA,REQUENA,-5.063889,-73.856667,116
160502,LORETO,REQUENA,ALTO TAPICHE,-6.025556,-74.094167,123
160503,LORETO,REQUENA,CAPELO,-5.405278,-74.157778,112
160504,LORETO,REQUENA,EMILIO SAN MARTIN,-5.793611,-74.283889,108
160505,LORETO,REQUENA,MAQUIA,-5.749722,-74.537778,108
160506,LORETO,REQUENA,PUINAHUA,-5.255556,-74.345556,113
160507,LORETO,REQUENA,SAQUENA,-4.725000,-73.533056,106
160508,LORETO,REQUENA,SOPLIN,-6.007778,-73.692500,118
160509,LORETO,REQUENA,TAPICHE,-5.693611,-74.137778,108
160510,LORETO,REQUENA,JENARO HERRERA,-4.903611,-73.670556,116
160511,LORETO,REQUENA,YAQUERANA,-5.148889,-72.875278,90
160601,LORETO,UCAYALI,CONTAMANA,-7.350556,-75.009722,138
160602,LORETO,UCAYALI,INAHUAYA,-7.116944,-75.262500,140
160603,LORETO,UCAYALI,PADRE MARQUEZ,-7.946667,-74.840833,139
160604,LORETO,UCAYALI,PAMPA HERMOSA,-7.196389,-75.294444,111
160605,LORETO,UCAYALI,SARAYACU,-6.393056,-75.116944,122
160606,LORETO,UCAYALI,VARGAS GUERRA,-6.911111,-75.158889,129
160701,LORETO,DATEM DEL MARAÑON,BARRANCA,-4.831111,-76.555000,134
160702,LORETO,DATEM DEL MARAÑON,CAHUAPANAS,-5.249167,-77.041389,162
160703,LORETO,DATEM DEL MARAÑON,MANSERICHE,-4.563611,-77.417222,155
160704,LORETO,DATEM DEL MARAÑON,MORONA,-4.326389,-77.216111,144
160705,LORETO,DATEM DEL MARAÑON,PASTAZA,-4.651111,-76.587500,137
160706,LORETO,DATEM DEL MARAÑON,ANDOAS,-3.475556,-76.433611,172
160801,LORETO,PUTUMAYO,PUTUMAYO,-2.446944,-72.668056,131
160802,LORETO,PUTUMAYO,ROSA PANDURO,-1.788611,-73.413056,132
160803,LORETO,PUTUMAYO,TENIENTE MANUEL CLAVERO,-0.373333,-74.675833,185
160804,LORETO,PUTUMAYO,YAGUAS,-2.408056,-71.176667,94
170101,MADRE DE DIOS,TAMBOPATA,TAMBOPATA,-12.593611,-69.176667,204
170102,MADRE DE DIOS,TAMBOPATA,INAMBARI,-13.101389,-70.371667,351
170103,MADRE DE DIOS,TAMBOPATA,LAS PIEDRAS,-12.279167,-69.150278,239
170104,MADRE DE DIOS,TAMBOPATA,LABERINTO,-12.717222,-69.586667,192
170201,MADRE DE DIOS,MANU,MANU,-12.837222,-71.365278,535
170202,MADRE DE DIOS,MANU,FITZCARRALD,-12.265278,-70.910000,282
170203,MADRE DE DIOS,MANU,MADRE DE DIOS,-12.618611,-70.394167,246
170204,MADRE DE DIOS,MANU,HUEPETUHE,-12.993611,-70.527222,444
170301,MADRE DE DIOS,TAHUAMANU,IÑAPARI,-10.945000,-69.576667,238
170302,MADRE DE DIOS,TAHUAMANU,IBERIA,-11.410833,-69.486944,268
170303,MADRE DE DIOS,TAHUAMANU,TAHUAMANU,-11.454722,-69.321389,261
180101,MOQUEGUA,MARISCAL NIETO,MOQUEGUA,-17.194167,-70.933333,1428
180102,MOQUEGUA,MARISCAL NIETO,CARUMAS,-16.809167,-70.694722,3054
180103,MOQUEGUA,MARISCAL NIETO,CUCHUMBAYA,-16.750833,-70.686111,3156
180104,MOQUEGUA,MARISCAL NIETO,SAMEGUA,-17.182222,-70.900278,1615
180105,MOQUEGUA,MARISCAL NIETO,SAN CRISTOBAL,-16.739167,-70.683333,3472
180106,MOQUEGUA,MARISCAL NIETO,TORATA,-17.076667,-70.844167,2203
180201,MOQUEGUA,GENERAL SANCHEZ CERRO,OMATE,-16.673611,-70.970556,2169
180202,MOQUEGUA,GENERAL SANCHEZ CERRO,CHOJATA,-16.388333,-70.730278,3634
180203,MOQUEGUA,GENERAL SANCHEZ CERRO,COALAQUE,-16.648889,-71.021667,2300
180204,MOQUEGUA,GENERAL SANCHEZ CERRO,ICHUÑA,-16.140556,-70.535556,3794
180205,MOQUEGUA,GENERAL SANCHEZ CERRO,LA CAPILLA,-16.756667,-71.179167,1817
180206,MOQUEGUA,GENERAL SANCHEZ CERRO,LLOQUE,-16.323889,-70.738611,3325
180207,MOQUEGUA,GENERAL SANCHEZ CERRO,MATALAQUE,-16.481111,-70.826667,2577
180208,MOQUEGUA,GENERAL SANCHEZ CERRO,PUQUINA,-16.625278,-71.183889,3092
180209,MOQUEGUA,GENERAL SANCHEZ CERRO,QUINISTAQUILLAS,-16.748889,-70.880278,1789
180210,MOQUEGUA,GENERAL SANCHEZ CERRO,UBINAS,-16.386667,-70.855556,3395
180211,MOQUEGUA,GENERAL SANCHEZ CERRO,YUNGA,-16.195000,-70.677778,3619
180301,MOQUEGUA,ILO,ILO,-17.625000,-71.343333,33
180302,MOQUEGUA,ILO,EL ALGARROBAL,-17.622778,-71.268333,136
180303,MOQUEGUA,ILO,PACOCHA,-17.610833,-71.340278,77
190101,PASCO,PASCO,CHAUPIMARCA,-10.682500,-76.256944,4373
190102,PASCO,PASCO,HUACHON,-10.636389,-75.951111,3400
190103,PASCO,PASCO,HUARIACA,-10.439167,-76.191667,2986
190104,PASCO,PASCO,HUAYLLAY,-11.001944,-76.364722,4341
190105,PASCO,PASCO,NINACACA,-10.855556,-76.113056,4172
190106,PASCO,PASCO,PALLANCHACRA,-10.415278,-76.235556,3126
190107,PASCO,PASCO,PAUCARTAMBO,-10.774444,-75.813333,2954
190108,PASCO,PASCO,SAN FRANCISCO DE ASIS DE YARUSYACAN,-10.490000,-76.196111,3785
190109,PASCO,PASCO,SIMON BOLIVAR,-10.689167,-76.316389,4234
190110,PASCO,PASCO,TICLACAYAN,-10.535000,-76.164167,3543
190111,PASCO,PASCO,TINYAHUARCO,-10.769722,-76.276944,4281
190112,PASCO,PASCO,VICCO,-10.838333,-76.238333,4128
190113,PASCO,PASCO,YANACANCHA,-10.663333,-76.253056,4394
190201,PASCO,DANIEL ALCIDES CARRION,YANAHUANCA,-10.491389,-76.516389,3203
190202,PASCO,DANIEL ALCIDES CARRION,CHACAYAN,-10.434444,-76.437222,3385
190203,PASCO,DANIEL ALCIDES CARRION,GOYLLARISQUIZGA,-10.473056,-76.408333,4202
190204,PASCO,DANIEL ALCIDES CARRION,PAUCAR,-10.371111,-76.443333,3381
190205,PASCO,DANIEL ALCIDES CARRION,SAN PEDRO DE PILLAO,-10.438889,-76.495278,3648
190206,PASCO,DANIEL ALCIDES CARRION,SANTA ANA DE TUSI,-10.472500,-76.353611,3786
190207,PASCO,DANIEL ALCIDES CARRION,TAPUC,-10.454722,-76.462500,3713
190208,PASCO,DANIEL ALCIDES CARRION,VILCABAMBA,-10.478611,-76.446944,3459
190301,PASCO,OXAPAMPA,OXAPAMPA,-10.575000,-75.404722,1832
190302,PASCO,OXAPAMPA,CHONTABAMBA,-10.602222,-75.438889,1849
190303,PASCO,OXAPAMPA,HUANCABAMBA,-10.426111,-75.523889,1769
190304,PASCO,OXAPAMPA,PALCAZU,-10.184167,-75.148056,302
190305,PASCO,OXAPAMPA,POZUZO,-10.071111,-75.550278,750
190306,PASCO,OXAPAMPA,PUERTO BERMUDEZ,-10.299167,-74.937222,281
190307,PASCO,OXAPAMPA,VILLA RICA,-10.739167,-75.275833,1551
190308,PASCO,OXAPAMPA,CONSTITUCION,-9.856389,-75.016944,247
200101,PIURA,PIURA,PIURA,-5.152500,-80.657778,57
200104,PIURA,PIURA,CASTILLA,-5.201389,-80.622778,35
200105,PIURA,PIURA,CATACAOS,-5.267222,-80.672500,35
200107,PIURA,PIURA,CURA MORI,-5.323611,-80.665556,35
200108,PIURA,PIURA,EL TALLAN,-5.409167,-80.681111,21
200109,PIURA,PIURA,LA ARENA,-5.343056,-80.703611,33
200110,PIURA,PIURA,LA UNION,-5.388333,-80.737222,27
200111,PIURA,PIURA,LAS LOMAS,-4.650000,-80.239167,257
200114,PIURA,PIURA,TAMBO GRANDE,-4.928056,-80.337222,76
200115,PIURA,PIURA,VEINTISEIS DE OCTUBRE,-5.179167,-80.678056,53
200201,PIURA,AYABACA,AYABACA,-4.640556,-79.715278,2735
200202,PIURA,AYABACA,FRIAS,-4.931667,-79.947500,1703
200203,PIURA,AYABACA,JILILI,-4.584722,-79.797222,1311
200204,PIURA,AYABACA,LAGUNAS,-4.789167,-79.845000,2219
200205,PIURA,AYABACA,MONTERO,-4.632222,-79.828889,1058
200206,PIURA,AYABACA,PACAIPAMPA,-4.995556,-79.667778,1980
200207,PIURA,AYABACA,PAIMAS,-4.627500,-79.945556,598
200208,PIURA,AYABACA,SAPILLICA,-4.779167,-79.982222,1464
200209,PIURA,AYABACA,SICCHEZ,-4.570000,-79.763889,1452
200210,PIURA,AYABACA,SUYO,-4.512778,-80.002500,417
200301,PIURA,HUANCABAMBA,HUANCABAMBA,-5.238611,-79.450278,1955
200302,PIURA,HUANCABAMBA,CANCHAQUE,-5.375833,-79.605556,1152
200303,PIURA,HUANCABAMBA,EL CARMEN DE LA FRONTERA,-5.148333,-79.428333,2472
200304,PIURA,HUANCABAMBA,HUARMACA,-5.568056,-79.524444,2188
200305,PIURA,HUANCABAMBA,LALAQUIZ,-5.215833,-79.680000,972
200306,PIURA,HUANCABAMBA,SAN MIGUEL DE EL FAIQUE,-5.401944,-79.606111,1259
200307,PIURA,HUANCABAMBA,SONDOR,-5.315556,-79.409722,2003
200308,PIURA,HUANCABAMBA,SONDORILLO,-5.339444,-79.428611,1886
200401,PIURA,MORROPON,CHULUCANAS,-5.097222,-80.160278,135
200402,PIURA,MORROPON,BUENOS AIRES,-5.266944,-79.966944,154
200403,PIURA,MORROPON,CHALACO,-5.041111,-79.795556,2261
200404,PIURA,MORROPON,LA MATANZA,-5.213611,-80.090556,126
200405,PIURA,MORROPON,MORROPON,-5.186111,-79.969167,151
200406,PIURA,MORROPON,SALITRAL,-5.341944,-79.833611,175
200407,PIURA,MORROPON,SAN JUAN DE BIGOTE,-5.319444,-79.786111,201
200408,PIURA,MORROPON,SANTA CATALINA DE MOSSA,-5.102778,-79.885000,881
200409,PIURA,MORROPON,SANTO DOMINGO,-5.029444,-79.875833,1490
200410,PIURA,MORROPON,YAMANGO,-5.180833,-79.751111,1192
200501,PIURA,PAITA,PAITA,-5.093056,-81.099444,71
200502,PIURA,PAITA,AMOTAPE,-4.881944,-81.015278,23
200503,PIURA,PAITA,ARENAL,-4.883611,-81.026389,37
200504,PIURA,PAITA,COLAN,-4.900556,-81.056389,25
200505,PIURA,PAITA,LA HUACA,-4.910278,-80.961389,33
200506,PIURA,PAITA,TAMARINDO,-4.878333,-80.975833,33
200507,PIURA,PAITA,VICHAYAL,-4.864167,-81.073056,27
200601,PIURA,SULLANA,SULLANA,-4.890556,-80.687778,76
200602,PIURA,SULLANA,BELLAVISTA,-4.890000,-80.680278,77
200603,PIURA,SULLANA,IGNACIO ESCUDERO,-4.846111,-80.873056,39
200604,PIURA,SULLANA,LANCONES,-4.632778,-80.545556,156
200605,PIURA,SULLANA,MARCAVELICA,-4.881667,-80.703611,53
200606,PIURA,SULLANA,MIGUEL CHECA,-4.900278,-80.814722,62
200607,PIURA,SULLANA,QUERECOTILLO,-4.839167,-80.648333,66
200608,PIURA,SULLANA,SALITRAL,-4.856944,-80.680833,65
200701,PIURA,TALARA,PARIÑAS,-4.579444,-81.269444,23
200702,PIURA,TALARA,EL ALTO,-4.268611,-81.221389,276
200703,PIURA,TALARA,LA BREA,-4.654722,-81.305833,8
200704,PIURA,TALARA,LOBITOS,-4.456944,-81.285000,31
200705,PIURA,TALARA,LOS ORGANOS,-4.179167,-81.129444,7
200706,PIURA,TALARA,MANCORA,-4.106944,-81.053889,8
200801,PIURA,SECHURA,SECHURA,-5.557222,-80.822222,12
200802,PIURA,SECHURA,BELLAVISTA DE LA UNION,-5.440278,-80.755000,23
200803,PIURA,SECHURA,BERNAL,-5.458889,-80.741944,22
200804,PIURA,SECHURA,CRISTO NOS VALGA,-5.493056,-80.741111,25
200805,PIURA,SECHURA,VICE,-5.422222,-80.776389,23
200806,PIURA,SECHURA,RINCONADA LLICUAR,-5.463611,-80.765278,26
210101,PUNO,PUNO,PUNO,-15.840278,-70.028056,3848
210102,PUNO,PUNO,ACORA,-15.973611,-69.797778,3848
210103,PUNO,PUNO,AMANTANI,-15.657222,-69.718333,3871
210104,PUNO,PUNO,ATUNCOLLA,-15.688333,-70.143889,3844
210105,PUNO,PUNO,CAPACHICA,-15.641667,-69.830833,3872
210106,PUNO,PUNO,CHUCUITO,-15.894722,-69.889444,3893
210107,PUNO,PUNO,COATA,-15.571389,-69.950556,3839
210108,PUNO,PUNO,HUATA,-15.615000,-69.971389,3863
210109,PUNO,PUNO,MAÑAZO,-15.801111,-70.343333,3949
210110,PUNO,PUNO,PAUCARCOLLA,-15.745556,-70.056111,3864
210111,PUNO,PUNO,PICHACANI,-16.150000,-70.063333,3962
210112,PUNO,PUNO,PLATERIA,-15.948333,-69.833333,3835
210113,PUNO,PUNO,SAN ANTONIO,-16.140556,-70.343889,4330
210114,PUNO,PUNO,TIQUILLACA,-15.796944,-70.186667,3912
210115,PUNO,PUNO,VILQUE,-15.766667,-70.258889,3878
210201,PUNO,AZANGARO,AZANGARO,-14.908056,-70.195556,3878
210202,PUNO,AZANGARO,ACHAYA,-15.284722,-70.161111,3868
210203,PUNO,AZANGARO,ARAPA,-15.138889,-70.110000,3846
210204,PUNO,AZANGARO,ASILLO,-14.786389,-70.353611,3927
210205,PUNO,AZANGARO,CAMINACA,-15.324722,-70.072778,3857
210206,PUNO,AZANGARO,CHUPA,-15.105833,-69.987222,3847
210207,PUNO,AZANGARO,JOSE DOMINGO CHOQUEHUANCA,-15.033889,-70.338056,3887
210208,PUNO,AZANGARO,MUÑANI,-14.770833,-69.955556,3925
210209,PUNO,AZANGARO,POTONI,-14.390000,-70.105000,4133
210210,PUNO,AZANGARO,SAMAN,-15.291944,-70.017222,3836
210211,PUNO,AZANGARO,SAN ANTON,-14.583889,-70.317222,3971
210212,PUNO,AZANGARO,SAN JOSE,-14.680278,-70.160000,4094
210213,PUNO,AZANGARO,SAN JUAN DE SALINAS,-14.991389,-70.106111,3841
210214,PUNO,AZANGARO,SANTIAGO DE PUPUJA,-15.052778,-70.278056,3933
210215,PUNO,AZANGARO,TIRAPATA,-14.955000,-70.402778,3903
210301,PUNO,CARABAYA,MACUSANI,-14.068611,-70.431111,4311
210302,PUNO,CARABAYA,AJOYANI,-14.229444,-70.223611,4272
210303,PUNO,CARABAYA,AYAPATA,-13.776667,-70.322778,3481
210304,PUNO,CARABAYA,COASA,-13.989167,-70.015833,3768
210305,PUNO,CARABAYA,CORANI,-13.868611,-70.604444,4039
210306,PUNO,CARABAYA,CRUCERO,-14.361667,-70.023611,4146
210307,PUNO,CARABAYA,ITUATA,-13.876389,-70.213889,3787
210308,PUNO,CARABAYA,OLLACHEA,-13.793889,-70.472500,2746
210309,PUNO,CARABAYA,SAN GABAN,-13.438333,-70.402778,641
210310,PUNO,CARABAYA,USICAYOS,-14.125278,-69.967500,3781
210401,PUNO,CHUCUITO,JULI,-16.212778,-69.459444,3878
210402,PUNO,CHUCUITO,DESAGUADERO,-16.564444,-69.039444,3849
210403,PUNO,CHUCUITO,HUACULLANI,-16.630556,-69.321944,3945
210404,PUNO,CHUCUITO,KELLUYO,-16.726944,-69.250278,3858
210405,PUNO,CHUCUITO,PISACOMA,-16.908611,-69.371389,3932
210406,PUNO,CHUCUITO,POMATA,-16.273611,-69.292778,3878
210407,PUNO,CHUCUITO,ZEPITA,-16.496944,-69.103333,3836
210501,PUNO,EL COLLAO,ILAVE,-16.086944,-69.638056,3907
210502,PUNO,EL COLLAO,CAPAZO,-17.183889,-69.744444,4402
210503,PUNO,EL COLLAO,PILCUYO,-16.110833,-69.554167,3841
210504,PUNO,EL COLLAO,SANTA ROSA,-16.742222,-69.716667,3981
210505,PUNO,EL COLLAO,CONDURIRI,-16.621944,-69.708611,3969
210601,PUNO,HUANCANE,HUANCANE,-15.200833,-69.767778,3866
210602,PUNO,HUANCANE,COJATA,-15.015278,-69.365556,4354
210603,PUNO,HUANCANE,HUATASANI,-15.059444,-69.801944,3849
210604,PUNO,HUANCANE,INCHUPALLA,-15.009722,-69.682778,3930
210605,PUNO,HUANCANE,PUSI,-15.441944,-69.929722,3851
210606,PUNO,HUANCANE,ROSASPATA,-15.234722,-69.527500,3891
210607,PUNO,HUANCANE,TARACO,-15.297222,-69.978333,3848
210608,PUNO,HUANCANE,VILQUE CHICO,-15.213889,-69.689167,3851
210701,PUNO,LAMPA,LAMPA,-15.364722,-70.367778,3881
210702,PUNO,LAMPA,CABANILLA,-15.620278,-70.345556,3890
210703,PUNO,LAMPA,CALAPUJA,-15.310556,-70.221667,3851
210704,PUNO,LAMPA,NICASIO,-15.235556,-70.261111,3868
210705,PUNO,LAMPA,OCUVIRI,-15.113889,-70.909167,4227
210706,PUNO,LAMPA,PALCA,-15.236944,-70.598056,4082
210707,PUNO,LAMPA,PARATIA,-15.454167,-70.599722,4352
210708,PUNO,LAMPA,PUCARA,-15.041667,-70.367778,3894
210709,PUNO,LAMPA,SANTA LUCIA,-15.699444,-70.606389,4053
210710,PUNO,LAMPA,VILAVILA,-15.188333,-70.660000,4316
210801,PUNO,MELGAR,AYAVIRI,-14.881667,-70.589444,3937
210802,PUNO,MELGAR,ANTAUTA,-14.299722,-70.292222,4152
210803,PUNO,MELGAR,CUPI,-14.905000,-70.866667,3984
210804,PUNO,MELGAR,LLALLI,-14.948056,-70.880556,3998
210805,PUNO,MELGAR,MACARI,-14.771667,-70.903333,3979
210806,PUNO,MELGAR,NUÑOA,-14.476111,-70.636389,4038
210807,PUNO,MELGAR,ORURILLO,-14.727778,-70.512222,3915
210808,PUNO,MELGAR,SANTA ROSA,-14.607500,-70.787778,4010
210809,PUNO,MELGAR,UMACHIRI,-14.853889,-70.753889,3943
210901,PUNO,MOHO,MOHO,-15.360278,-69.499722,3902
210902,PUNO,MOHO,CONIMA,-15.457778,-69.437778,3862
210903,PUNO,MOHO,HUAYRAPATA,-15.321389,-69.341111,3912
210904,PUNO,MOHO,TILALI,-15.515000,-69.348056,3843
211001,PUNO,SAN ANTONIO DE PUTINA,PUTINA,-14.914167,-69.868889,3878
211002,PUNO,SAN ANTONIO DE PUTINA,ANANEA,-14.678611,-69.535000,4705
211003,PUNO,SAN ANTONIO DE PUTINA,PEDRO VILCA APAZA,-15.063611,-69.881667,3873
211004,PUNO,SAN ANTONIO DE PUTINA,QUILCAPUNCU,-14.893611,-69.730278,3928
211005,PUNO,SAN ANTONIO DE PUTINA,SINA,-14.496667,-69.280278,3181
211101,PUNO,SAN ROMAN,JULIACA,-15.483889,-70.133333,3877
211102,PUNO,SAN ROMAN,CABANA,-15.649167,-70.321944,3912
211103,PUNO,SAN ROMAN,CABANILLAS,-15.644444,-70.353889,3894
211104,PUNO,SAN ROMAN,CARACOTO,-15.567500,-70.102500,3844
211105,PUNO,SAN ROMAN,SAN MIGUEL,-15.460278,-70.126944,3875
211201,PUNO,SANDIA,SANDIA,-14.322222,-69.466389,2206
211202,PUNO,SANDIA,CUYOCUYO,-14.470278,-69.537222,3425
211203,PUNO,SANDIA,LIMBANI,-14.149722,-69.690556,3333
211204,PUNO,SANDIA,PATAMBUCO,-14.361667,-69.619444,3650
211205,PUNO,SANDIA,PHARA,-14.151944,-69.665278,3485
211206,PUNO,SANDIA,QUIACA,-14.422222,-69.345000,2970
211207,PUNO,SANDIA,SAN JUAN DEL ORO,-14.220833,-69.153611,1308
211208,PUNO,SANDIA,YANAHUAYA,-14.258611,-69.169444,1419
211209,PUNO,SANDIA,ALTO INAMBARI,-14.090000,-69.243333,1352
211210,PUNO,SANDIA,SAN PEDRO DE PUTINA PUNCO,-14.112500,-69.047778,948
211301,PUNO,YUNGUYO,YUNGUYO,-16.226667,-69.095556,3850
211302,PUNO,YUNGUYO,ANAPIA,-16.313889,-68.852778,3864
211303,PUNO,YUNGUYO,COPANI,-16.400000,-69.040278,3864
211304,PUNO,YUNGUYO,CUTURAPI,-16.270556,-69.176944,3861
211305,PUNO,YUNGUYO,OLLARAYA,-16.219722,-68.991111,3852
211306,PUNO,YUNGUYO,TINICACHI,-16.198611,-68.961667,3853
211307,PUNO,YUNGUYO,UNICACHI,-16.223611,-68.981111,3827
220101,SAN MARTIN,MOYOBAMBA,MOYOBAMBA,-6.034722,-76.974167,895
220102,SAN MARTIN,MOYOBAMBA,CALZADA,-6.030278,-77.066667,856
220103,SAN MARTIN,MOYOBAMBA,HABANA,-6.079722,-77.091389,850
220104,SAN MARTIN,MOYOBAMBA,JEPELACIO,-6.108056,-76.915278,1067
220105,SAN MARTIN,MOYOBAMBA,SORITOR,-6.139444,-77.102500,904
220106,SAN MARTIN,MOYOBAMBA,YANTALO,-5.974444,-77.020833,862
220201,SAN MARTIN,BELLAVISTA,BELLAVISTA,-7.052222,-76.589722,330
220202,SAN MARTIN,BELLAVISTA,ALTO BIAVO,-7.255833,-76.476667,253
220203,SAN MARTIN,BELLAVISTA,BAJO BIAVO,-7.101667,-76.471944,256
220204,SAN MARTIN,BELLAVISTA,HUALLAGA,-7.131111,-76.648611,267
220205,SAN MARTIN,BELLAVISTA,SAN PABLO,-6.809722,-76.574722,278
220206,SAN MARTIN,BELLAVISTA,SAN RAFAEL,-7.023056,-76.465833,242
220301,SAN MARTIN,EL DORADO,SAN JOSE DE SISA,-6.613889,-76.695278,342
220302,SAN MARTIN,EL DORADO,AGUA BLANCA,-6.725278,-76.695278,318
220303,SAN MARTIN,EL DORADO,SAN MARTIN,-6.514444,-76.740556,437
220304,SAN MARTIN,EL DORADO,SANTA ROSA,-6.746389,-76.623611,288
220305,SAN MARTIN,EL DORADO,SHATOJA,-6.528333,-76.720000,413
220401,SAN MARTIN,HUALLAGA,SAPOSOA,-6.936667,-76.772222,317
220402,SAN MARTIN,HUALLAGA,ALTO SAPOSOA,-6.764722,-76.813611,408
220403,SAN MARTIN,HUALLAGA,EL ESLABON,-7.021667,-76.723333,293
220404,SAN MARTIN,HUALLAGA,PISCOYACU,-6.981111,-76.769444,310
220405,SAN MARTIN,HUALLAGA,SACANCHE,-7.070000,-76.713611,269
220406,SAN MARTIN,HUALLAGA,TINGO DE SAPOSOA,-7.091944,-76.641389,259
220501,SAN MARTIN,LAMAS,LAMAS,-6.423889,-76.523333,764
220502,SAN MARTIN,LAMAS,ALONSO DE ALVARADO,-6.355833,-76.775278,1090
220503,SAN MARTIN,LAMAS,BARRANQUITA,-6.252222,-76.033333,173
220504,SAN MARTIN,LAMAS,CAYNARACHI,-6.330833,-76.284167,193
220505,SAN MARTIN,LAMAS,CUÑUMBUQUI,-6.510556,-76.481667,248
220506,SAN MARTIN,LAMAS,PINTO RECODO,-6.379167,-76.604444,276
220507,SAN MARTIN,LAMAS,RUMISAPA,-6.448889,-76.471667,328
220508,SAN MARTIN,LAMAS,SAN ROQUE DE CUMBAZA,-6.385556,-76.438611,611
220509,SAN MARTIN,LAMAS,SHANAO,-6.411667,-76.594167,260
220510,SAN MARTIN,LAMAS,TABALOSOS,-6.389444,-76.634167,597
220511,SAN MARTIN,LAMAS,ZAPATERO,-6.529722,-76.494167,299
220601,SAN MARTIN,MARISCAL CACERES,JUANJUI,-7.176667,-76.723889,299
220602,SAN MARTIN,MARISCAL CACERES,CAMPANILLA,-7.483056,-76.649722,318
220603,SAN MARTIN,MARISCAL CACERES,HUICUNGO,-7.316944,-76.777222,308
220604,SAN MARTIN,MARISCAL CACERES,PACHIZA,-7.298056,-76.773333,295
220605,SAN MARTIN,MARISCAL CACERES,PAJARILLO,-7.176667,-76.688611,286
220701,SAN MARTIN,PICOTA,PICOTA,-6.920000,-76.330278,228
220702,SAN MARTIN,PICOTA,BUENOS AIRES,-6.791667,-76.327778,209
220703,SAN MARTIN,PICOTA,CASPISAPA,-6.956389,-76.418611,238
220704,SAN MARTIN,PICOTA,PILLUANA,-6.776667,-76.291667,218
220705,SAN MARTIN,PICOTA,PUCACACA,-6.848889,-76.341111,228
220706,SAN MARTIN,PICOTA,SAN CRISTOBAL,-6.991944,-76.417778,238
220707,SAN MARTIN,PICOTA,SAN HILARION,-7.003889,-76.439444,230
220708,SAN MARTIN,PICOTA,SHAMBOYACU,-7.024167,-76.132778,289
220709,SAN MARTIN,PICOTA,TINGO DE PONASA,-6.936111,-76.253889,244
220710,SAN MARTIN,PICOTA,TRES UNIDOS,-6.805833,-76.232222,237
220801,SAN MARTIN,RIOJA,RIOJA,-6.062500,-77.168333,850
220802,SAN MARTIN,RIOJA,AWAJUN,-5.816111,-77.382778,888
220803,SAN MARTIN,RIOJA,ELIAS SOPLIN VARGAS,-5.987222,-77.278056,853
220804,SAN MARTIN,RIOJA,NUEVA CAJAMARCA,-5.936111,-77.306944,869
220805,SAN MARTIN,RIOJA,PARDO MIGUEL,-5.739444,-77.504444,963
220806,SAN MARTIN,RIOJA,POSIC,-6.013333,-77.161944,838
220807,SAN MARTIN,RIOJA,SAN FERNANDO,-5.901944,-77.269444,828
220808,SAN MARTIN,RIOJA,YORONGOS,-6.138611,-77.144167,883
220809,SAN MARTIN,RIOJA,YURACYACU,-5.931111,-77.226389,812
220901,SAN MARTIN,SAN MARTIN,TARAPOTO,-6.489444,-76.360278,342
220902,SAN MARTIN,SAN MARTIN,ALBERTO LEVEAU,-6.663056,-76.286667,215
220903,SAN MARTIN,SAN MARTIN,CACATACHI,-6.461944,-76.451389,309
220904,SAN MARTIN,SAN MARTIN,CHAZUTA,-6.573611,-76.137778,189
220905,SAN MARTIN,SAN MARTIN,CHIPURANA,-6.354167,-75.741389,152
220906,SAN MARTIN,SAN MARTIN,EL PORVENIR,-6.211667,-75.800833,152
220907,SAN MARTIN,SAN MARTIN,HUIMBAYOC,-6.417778,-75.768056,181
220908,SAN MARTIN,SAN MARTIN,JUAN GUERRA,-6.584167,-76.330833,207
220909,SAN MARTIN,SAN MARTIN,LA BANDA DE SHILCAYO,-6.490000,-76.340556,418
220910,SAN MARTIN,SAN MARTIN,MORALES,-6.479167,-76.383056,290
220911,SAN MARTIN,SAN MARTIN,PAPAPLAYA,-6.245278,-75.790556,149
220912,SAN MARTIN,SAN MARTIN,SAN ANTONIO,-6.409444,-76.406667,499
220913,SAN MARTIN,SAN MARTIN,SAUCE,-6.690556,-76.216667,622
220914,SAN MARTIN,SAN MARTIN,SHAPAJA,-6.579722,-76.261944,214
221001,SAN MARTIN,TOCACHE,TOCACHE,-8.188333,-76.509444,519
221002,SAN MARTIN,TOCACHE,NUEVO PROGRESO,-8.450556,-76.326389,512
221003,SAN MARTIN,TOCACHE,POLVORA,-7.907778,-76.667778,543
221004,SAN MARTIN,TOCACHE,SHUNTE,-8.351667,-76.729722,1015
221005,SAN MARTIN,TOCACHE,UCHIZA,-8.458333,-76.461667,566
221006,SAN MARTIN,TOCACHE,SANTA LUCIA,,,
230101,TACNA,TACNA,TACNA,-18.001944,-70.251944,583
230102,TACNA,TACNA,ALTO DE LA ALIANZA,-17.993056,-70.247778,603
230103,TACNA,TACNA,CALANA,-17.943333,-70.188333,881
230104,TACNA,TACNA,CIUDAD NUEVA,-17.981944,-70.238056,695
230105,TACNA,TACNA,INCLAN,-17.793889,-70.494722,519
230106,TACNA,TACNA,PACHIA,-17.896389,-70.153889,1087
230107,TACNA,TACNA,PALCA,-17.778333,-69.959722,2939
230108,TACNA,TACNA,POCOLLAY,-17.996667,-70.225833,690
230109,TACNA,TACNA,SAMA,-17.862500,-70.560000,397
230110,TACNA,TACNA,CORONEL GREGORIO ALBARRACIN LANCHIPA,-18.043056,-70.251667,562
230111,TACNA,TACNA,LA YARADA LOS PALOS,-18.286111,-70.439167,42
230201,TACNA,CANDARAVE,CANDARAVE,-17.268056,-70.250278,3427
230202,TACNA,CANDARAVE,CAIRANI,-17.285278,-70.363611,3389
230203,TACNA,CANDARAVE,CAMILACA,-17.242500,-70.388056,3853
230204,TACNA,CANDARAVE,CURIBAYA,-17.381389,-70.334722,2412
230205,TACNA,CANDARAVE,HUANUARA,-17.313611,-70.322500,3226
230206,TACNA,CANDARAVE,QUILAHUANI,-17.318333,-70.258611,3205
230301,TACNA,JORGE BASADRE,LOCUMBA,-17.613889,-70.762778,589
230302,TACNA,JORGE BASADRE,ILABAYA,-17.418056,-70.513056,1387
230303,TACNA,JORGE BASADRE,ITE,-17.861667,-70.965833,160
230401,TACNA,TARATA,TARATA,-17.475000,-70.031944,3077
230402,TACNA,TARATA,HEROES ALBARRACIN CHUCATAMANI,-17.480556,-70.123056,2352
230403,TACNA,TARATA,ESTIQUE,-17.541944,-70.018333,3149
230404,TACNA,TARATA,ESTIQUE-PAMPA,-17.538611,-70.031389,3064
230405,TACNA,TARATA,SITAJARA,-17.375278,-70.133889,3163
230406,TACNA,TARATA,SUSAPAYA,-17.348056,-70.133611,3462
230407,TACNA,TARATA,TARUCACHI,-17.525833,-70.031667,3054
230408,TACNA,TARATA,TICACO,-17.447222,-70.046667,3272
240101,TUMBES,TUMBES,TUMBES,-3.571111,-80.459167,9
240102,TUMBES,TUMBES,CORRALES,-3.601389,-80.480556,27
240103,TUMBES,TUMBES,LA CRUZ,-3.637222,-80.590000,10
240104,TUMBES,TUMBES,PAMPAS DE HOSPITAL,-3.693333,-80.439167,28
240105,TUMBES,TUMBES,SAN JACINTO,-3.640833,-80.445278,23
240106,TUMBES,TUMBES,SAN JUAN DE LA VIRGEN,-3.627778,-80.433611,26
240201,TUMBES,CONTRALMIRANTE VILLAR,ZORRITOS,-3.677500,-80.668056,11
240202,TUMBES,CONTRALMIRANTE VILLAR,CASITAS,-3.942222,-80.651111,137
240203,TUMBES,CONTRALMIRANTE VILLAR,CANOAS DE PUNTA SAL,-3.950556,-80.940000,66
240301,TUMBES,ZARUMILLA,ZARUMILLA,-3.501111,-80.275556,15
240302,TUMBES,ZARUMILLA,AGUAS VERDES,-3.481667,-80.245000,13
240303,TUMBES,ZARUMILLA,MATAPALO,-3.682222,-80.199722,69
240304,TUMBES,ZARUMILLA,PAPAYAL,-3.571389,-80.235000,36
250101,UCAYALI,CORONEL PORTILLO,CALLERIA,-8.368056,-74.543333,162
250102,UCAYALI,CORONEL PORTILLO,CAMPOVERDE,-8.471944,-74.805278,203
250103,UCAYALI,CORONEL PORTILLO,IPARIA,-9.306111,-74.435556,170
250104,UCAYALI,CORONEL PORTILLO,MASISEA,-8.604722,-74.306111,150
250105,UCAYALI,CORONEL PORTILLO,YARINACOCHA,-8.355556,-74.575833,131
250106,UCAYALI,CORONEL PORTILLO,NUEVA REQUENA,-8.320556,-74.851389,183
250107,UCAYALI,CORONEL PORTILLO,MANANTAY,-8.400278,-74.541389,165
250201,UCAYALI,ATALAYA,RAYMONDI,-10.729722,-73.755278,256
250202,UCAYALI,ATALAYA,SEPAHUA,-11.137222,-73.045556,277
250203,UCAYALI,ATALAYA,TAHUANIA,-10.030556,-73.956389,197
250204,UCAYALI,ATALAYA,YURUA,-9.531389,-72.760000,240
250301,UCAYALI,PADRE ABAD,PADRE ABAD,-9.033611,-75.507500,275
250302,UCAYALI,PADRE ABAD,IRAZOLA,-8.828611,-75.213333,228
250303,UCAYALI,PADRE ABAD,CURIMANA,-8.433333,-75.147778,181
250304,UCAYALI,PADRE ABAD,NESHUYA,-8.640000,-74.964444,193
250305,UCAYALI,PADRE ABAD,ALEXANDER VON HUMBOLDT,-8.827500,-75.050833,237
250306,UCAYALI,PADRE ABAD,HUIPOCA,,,
250307,UCAYALI,PADRE ABAD,BOQUERON,,,
250401,UCAYALI,PURUS,PURUS,-9.772222,-70.709722,228
NA,MOQUEGUA,MARISCAL NIETO,SAN ANTONIO,,,
